event_type,timestamp,callback_index,outdoor_temp_c,zone_temp_c,primary_zone,electricity_demand_w,interval_kwh,cumulative_kwh,action_json,reasoning,zone_temp_Core_ZN,zone_temp_Perimeter_ZN_1,zone_temp_Perimeter_ZN_2,zone_temp_Perimeter_ZN_3,zone_temp_Perimeter_ZN_4
sensor,1986-07-15 00:10,0,24.666666666666668,25.585553635042867,Core_ZN,4778.0241308,0.7963373551333334,0.7963373551333334,,,25.585553635042867,25.963751675867446,26.141328191013287,25.8773853065014,26.120748537054922
sensor,1986-07-15 00:20,1,23.733333333333334,25.554475131134172,Core_ZN,4778.0241308,0.7963373551333334,1.5926747102666667,,,25.554475131134172,25.93155778079934,26.108483315003383,25.8476216706724,26.088105084182853
sensor,1986-07-15 00:30,2,22.8,25.506271092839775,Core_ZN,4778.0241308,0.7963373551333334,2.3890120654,,,25.506271092839775,25.881607271806022,26.05947012562152,25.80138253713631,26.038725609320306
sensor,1986-07-15 00:40,3,21.866666666666667,25.44792049441235,Core_ZN,4778.0241308,0.7963373551333334,3.1853494205333335,,,25.44792049441235,25.821351152200936,26.000977728079217,25.745625015801192,25.979616632898875
sensor,1986-07-15 00:50,4,20.933333333333334,25.39521705249533,Core_ZN,4778.0241308,0.7963373551333334,3.9816867756666667,,,25.39521705249533,25.766921173431744,25.948017980487464,25.695357487727737,25.926063134438422
sensor,1986-07-15 00:60,5,20.0,25.323234394237307,Core_ZN,4778.0241308,0.7963373551333334,4.7780241308,,,25.323234394237307,25.693348194261958,25.876840111044473,25.627350380654224,25.853995084206566
sensor,1986-07-15 01:10,6,20.0,25.245546359387866,Core_ZN,4778.0241308,0.7963373551333334,5.574361485933334,,,25.245546359387866,25.613571950225452,25.799058399496392,25.55223194035719,25.775143131891397
sensor,1986-07-15 01:20,7,20.0,25.19793893397998,Core_ZN,4778.0241308,0.7963373551333334,6.370698841066668,,,25.19793893397998,25.564357024823508,25.75265830929831,25.506545676828168,25.72778434443829
sensor,1986-07-15 01:30,8,20.0,25.171542893878197,Core_ZN,4778.0241308,0.7963373551333334,7.1670361962000015,,,25.171542893878197,25.533724734060126,25.72472485087654,25.480491996261822,25.69926937320134
sensor,1986-07-15 01:40,9,20.0,25.15124609328559,Core_ZN,4778.0241308,0.7963373551333334,7.963373551333335,,,25.15124609328559,25.50689676107008,25.699566164028074,25.457852856533407,25.673737395725787
decision,1986-07-15 01:40,9,20.0,25.15124609328559,Core_ZN,4778.0241308,0.7963373551333334,7.963373551333335,"{""cooling"": {""Core_ZN"": 25.0, ""Perimeter_ZN_1"": 25.0, ""Perimeter_ZN_2"": 25.0, ""Perimeter_ZN_3"": 25.0, ""Perimeter_ZN_4"": 25.0}, ""heating"": {""Core_ZN"": 20.0, ""Perimeter_ZN_1"": 20.0, ""Perimeter_ZN_2"": 20.0, ""Perimeter_ZN_3"": 20.0, ""Perimeter_ZN_4"": 20.0}}",smoke-test setpoint bump,25.15124609328559,25.50689676107008,25.699566164028074,25.457852856533407,25.673737395725787
sensor,1986-07-15 01:50,10,20.0,25.142061922391193,Core_ZN,4778.0241308,0.7963373551333334,8.759710906466669,,,25.142061922391193,25.0406277373255,25.092660940910108,25.445761795445,25.087604625916725
sensor,1986-07-15 01:60,11,20.0,25.12936556020301,Core_ZN,4778.0241308,0.7963373551333334,9.556048261600003,,,25.12936556020301,25.00223317146292,25.011051031111425,25.428480372139077,25.01016602926018
sensor,1986-07-15 02:10,12,19.900000000000002,25.119372966636202,Core_ZN,4778.0241308,0.7963373551333334,10.352385616733336,,,25.119372966636202,25.000615208496505,25.003923132819818,25.414877907053334,25.003583552410962
sensor,1986-07-15 02:20,13,19.8,25.10778859966144,Core_ZN,4778.0241308,0.7963373551333334,11.14872297186667,,,25.10778859966144,25.18556953453768,25.293835319905206,25.399330089652125,25.281587186219667
sensor,1986-07-15 02:30,14,19.7,25.08778651652251,Core_ZN,4778.0241308,0.7963373551333334,11.945060327000004,,,25.08778651652251,25.29223757316856,25.450685720230204,25.373352570895907,25.43147647481765
sensor,1986-07-15 02:40,15,19.6,25.070400895793313,Core_ZN,4778.0241308,0.7963373551333334,12.741397682133337,,,25.070400895793313,25.30648529713056,25.475654496430984,25.35059157475988,25.454296372505187
sensor,1986-07-15 02:50,16,19.5,25.05277005185662,Core_ZN,4778.0241308,0.7963373551333334,13.537735037266671,,,25.05277005185662,25.30050647551882,25.47507489528177,25.327306357617246,25.45245647497055
sensor,1986-07-15 02:60,17,19.4,25.034704611878073,Core_ZN,4778.0241308,0.7963373551333334,14.334072392400005,,,25.034704611878073,25.285409851655302,25.463197905180497,25.30343386118146,25.43990364106736
sensor,1986-07-15 03:10,18,19.316666666666666,25.016974070315005,Core_ZN,4778.0241308,0.7963373551333334,15.130409747533339,,,25.016974070315005,25.266494347546136,25.445906429933416,25.278631569624384,25.422158285587866
sensor,1986-07-15 03:20,19,19.233333333333334,25.00039499105855,Core_ZN,4778.0241308,0.7963373551333334,15.926747102666672,,,25.00039499105855,25.24682288798753,25.427600105787935,25.254874992330237,25.40358860806769
sensor,1986-07-15 03:30,20,19.15,24.984426570235712,Core_ZN,4778.0241308,0.7963373551333334,16.723084457800006,,,24.984426570235712,25.226409007849995,25.40821986258914,25.232239781709247,25.38411875510148
sensor,1986-07-15 03:40,21,19.066666666666663,24.96876652345728,Core_ZN,4778.0241308,0.7963373551333334,17.519421812933338,,,24.96876652345728,25.20537639884209,25.388041525563814,25.210080454573074,25.36388885086917
sensor,1986-07-15 03:50,22,18.983333333333334,24.95324351128922,Core_ZN,4778.0241308,0.7963373551333334,18.31575916806667,,,24.95324351128922,25.183797890718754,25.367215707344386,25.188092848905676,25.343015318159257
sensor,1986-07-15 03:60,23,18.9,24.937759516029296,Core_ZN,4778.0241308,0.7963373551333334,19.1120965232,,,24.937759516029296,25.16172569402158,25.345831343178656,25.16609583331056,25.32157934330247
sensor,1986-07-15 04:10,24,18.9,24.922257916251013,Core_ZN,4778.0241308,0.7963373551333334,19.908433878333334,,,24.922257916251013,25.139325013840512,25.32394625337535,25.144029919185055,25.29963657419792
sensor,1986-07-15 04:20,25,18.9,24.921700120521255,Core_ZN,5053.026812,0.8421711353333332,20.750605013666668,,,24.921700120521255,25.13348548970654,25.318223816566483,25.138112829955386,25.293743625664398
sensor,1986-07-15 04:30,26,18.9,24.920978537739295,Core_ZN,5053.026812,0.8421711353333332,21.592776149000002,,,24.920978537739295,25.12639002183944,25.310780096765733,25.131102110330044,25.28607843623821
sensor,1986-07-15 04:40,27,18.9,24.918130629225647,Core_ZN,5053.026812,0.8421711353333332,22.434947284333337,,,24.918130629225647,25.118031957045826,25.30195440890472,25.122939041090145,25.277027806190347
sensor,1986-07-15 04:50,28,18.9,24.914721387719645,Core_ZN,2750.0268120000005,0.45833780200000007,22.893285086333336,,,24.914721387719645,25.120108700925194,25.36076862527055,25.152440711165077,25.277204756184005
sensor,1986-07-15 04:60,29,18.9,24.91248897864549,Core_ZN,2750.0268120000005,0.45833780200000007,23.351622888333335,,,24.91248897864549,25.125505392538198,25.446555738204243,25.19485844856561,25.279715460618743
sensor,1986-07-15 05:10,30,19.183333333333334,24.912393883978858,Core_ZN,2750.0268120000005,0.45833780200000007,23.809960690333334,,,24.912393883978858,25.133436168357516,25.546718256078584,25.241695046446658,25.284257037002963
sensor,1986-07-15 05:20,31,19.46666666666667,24.997073456040297,Core_ZN,2750.0268120000005,0.45833780200000007,24.268298492333333,,,24.997073456040297,25.004856825655636,25.03343609277278,25.00912676457601,25.017013832420396
sensor,1986-07-15 05:30,32,19.75,24.9999275108163,Core_ZN,2750.0268120000005,0.45833780200000007,24.726636294333332,,,24.9999275108163,24.999954752676185,25.000551561187432,24.999930812515586,25.00030560926555
sensor,1986-07-15 05:40,33,20.033333333333335,25.00001765072966,Core_ZN,2750.0268120000005,0.45833780200000007,25.18497409633333,,,25.00001765072966,25.00000614274339,25.000234721593763,24.999974849429996,25.000210081592307
sensor,1986-07-15 05:50,34,20.316666666666666,24.999949870103407,Core_ZN,2750.0268120000005,0.45833780200000007,25.64331189833333,,,24.999949870103407,24.99992185634975,24.999771500656557,24.999855893842277,24.999962200521225
sensor,1986-07-15 05:60,35,20.6,24.999959531614167,Core_ZN,2750.0268120000005,0.45833780200000007,26.10164970033333,,,24.999959531614167,24.99993813944465,24.99981833666645,24.99989171021207,24.999965088039637
sensor,1986-07-15 06:10,36,20.866666666666667,24.99995832962626,Core_ZN,2750.0268120000005,0.45833780200000007,26.55998750233333,,,24.99995832962626,24.999935637085223,24.99980487300875,24.999892475228215,24.999962232905954
sensor,1986-07-15 06:20,37,21.133333333333336,24.999973098552953,Core_ZN,3850.0375368,0.6416729228,27.20166042513333,,,24.999973098552953,24.999969739832586,24.999819296856614,24.999934577966762,24.999969763879342
sensor,1986-07-15 06:30,38,21.4,24.99997033756503,Core_ZN,3850.0375368,0.6416729228,27.84333334793333,,,24.99997033756503,24.999969551017074,24.999852760253702,24.99994774199715,24.999976868769874
sensor,1986-07-15 06:40,39,21.666666666666668,24.99996830005061,Core_ZN,3850.0375368,0.6416729228,28.485006270733333,,,24.99996830005061,24.999965976136885,24.999841286265216,24.999950716803966,24.999976654348348
sensor,1986-07-15 06:50,40,21.933333333333334,24.99996679251855,Core_ZN,3850.0375368,0.6416729228,29.126679193533334,,,24.99996679251855,24.999962538341897,24.99984961585322,24.9999540671909,24.999975733498104
sensor,1986-07-15 06:60,41,22.2,24.999965793203373,Core_ZN,3850.0375368,0.6416729228,29.768352116333336,,,24.999965793203373,24.999959681554266,24.9998637701438,24.999957262995938,24.99997483903837
sensor,1986-07-15 07:10,42,22.566666666666666,24.9999652085958,Core_ZN,3850.0375368,0.6416729228,30.410025039133338,,,24.9999652085958,24.99995746815394,24.999879009384962,24.99995913091749,24.9999740159866
sensor,1986-07-15 07:20,43,22.933333333333334,24.99961607475333,Core_ZN,9900.0965232,1.6500160872,32.06004112633334,,,24.99961607475333,24.99962535196655,24.999648595480174,24.99964979952836,24.999791779172263
sensor,1986-07-15 07:30,44,23.299999999999997,24.999568846454174,Core_ZN,9900.0965232,1.6500160872,33.71005721353334,,,24.999568846454174,24.999588721280695,24.999635246594387,24.999619219005503,24.999766126426564
sensor,1986-07-15 07:40,45,23.666666666666664,24.999555939739366,Core_ZN,9900.0965232,1.6500160872,35.36007330073334,,,24.999555939739366,24.999577205503314,24.999645311141755,24.999611415926303,24.99975540679584
sensor,1986-07-15 07:50,46,24.03333333333333,24.99954832238527,Core_ZN,9900.0965232,1.6500160872,37.01008938793334,,,24.99954832238527,24.999564957691362,24.999637128840735,24.999603079892854,24.999745016085136
sensor,1986-07-15 07:60,47,24.4,24.999542972978265,Core_ZN,9900.0965232,1.6500160872,38.66010547513334,,,24.999542972978265,24.999553702123194,24.99963781636172,24.99959531015235,24.99973534488128
sensor,1986-07-15 08:10,48,24.599999999999998,24.999538889250907,Core_ZN,9900.0965232,1.6500160872,40.31012156233334,,,24.999538889250907,24.99954283114712,24.99962857108428,24.999587510479934,24.999725744321154
sensor,1986-07-15 08:20,49,24.800000000000004,24.99964639933075,Core_ZN,9900.0965232,1.6500160872,41.960137649533344,,,24.99964639933075,24.999634991230177,24.999723670880417,24.999675977359903,24.99978238726467
sensor,1986-07-15 08:30,50,25.0,24.99964685182542,Core_ZN,9900.0965232,1.6500160872,43.610153736733345,,,24.99964685182542,24.99964015182861,24.999701381646986,24.999678500011314,24.999779974928515
sensor,1986-07-15 08:40,51,25.200000000000003,24.99964746027557,Core_ZN,9900.0965232,1.6500160872,45.260169823933346,,,24.99964746027557,24.999639057339213,24.99969397910521,24.99967733133382,24.99977640147073
sensor,1986-07-15 08:50,52,25.400000000000002,24.999647342698058,Core_ZN,9900.0965232,1.6500160872,46.91018591113335,,,24.999647342698058,24.99963936838981,24.99967951416732,24.99967675163098,24.999775203078194
sensor,1986-07-15 08:60,53,25.6,24.999646309225604,Core_ZN,9900.0965232,1.6500160872,48.56020199833335,,,24.999646309225604,24.999638306752683,24.99965339769266,24.999677332016198,24.999773276532515
sensor,1986-07-15 09:10,54,25.96666666666667,24.999644378884415,Core_ZN,9900.0965232,1.6500160872,50.21021808553335,,,24.999644378884415,24.999634455550392,24.999642589479837,24.999675659201838,24.999770455395453
sensor,1986-07-15 09:20,55,26.333333333333336,24.99963021086949,Core_ZN,9900.0965232,1.6500160872,51.86023417273335,,,24.99963021086949,24.99961595677539,24.999628381675677,24.99966050943394,24.999759476873088
sensor,1986-07-15 09:30,56,26.700000000000003,24.999617056228725,Core_ZN,9900.0965232,1.6500160872,53.51025025993335,,,24.999617056228725,24.999598871958224,24.999620754066292,24.999647295767197,24.999749776964432
sensor,1986-07-15 09:40,57,27.066666666666666,24.999687689796417,Core_ZN,9900.0965232,1.6500160872,55.16026634713335,,,24.999687689796417,24.99966171696721,24.9996887673769,24.999709033607843,24.99979596888393
sensor,1986-07-15 09:50,58,27.433333333333334,24.999671418954122,Core_ZN,9900.0965232,1.6500160872,56.81028243433335,,,24.999671418954122,24.999640338906065,24.999684161616393,24.999694252581623,24.99978276102728
sensor,1986-07-15 09:60,59,27.8,24.9995991044014,Core_ZN,9900.0965232,1.6500160872,58.46029852153335,,,24.9995991044014,24.999547988700165,24.999651269606023,24.999628486352893,24.999739094871742
sensor,1986-07-15 10:10,60,27.983333333333334,24.999577750954877,Core_ZN,9900.0965232,1.6500160872,60.110314608733354,,,24.999577750954877,24.999522355486345,24.999637472375277,24.999608739084763,24.99972084694042
sensor,1986-07-15 10:20,61,28.166666666666668,24.999545680279276,Core_ZN,9900.0965232,1.6500160872,61.760330695933355,,,24.999545680279276,24.99947140383772,24.999624112513594,24.999572084568257,24.999696714595547
sensor,1986-07-15 10:30,62,28.35,24.99951385497286,Core_ZN,9900.0965232,1.6500160872,63.410346783133356,,,24.99951385497286,24.999430919836463,24.999622166216167,24.999544760928455,24.999679396553166
sensor,1986-07-15 10:40,63,28.53333333333333,24.999581130159786,Core_ZN,9900.0965232,1.6500160872,65.06036287033335,,,24.999581130159786,24.99948592846884,24.999696917437607,24.99959924284623,24.999714358873906
sensor,1986-07-15 10:50,64,28.716666666666665,24.99956921749444,Core_ZN,9900.0965232,1.6500160872,66.71037895753335,,,24.99956921749444,24.999477710260294,24.999697317885627,24.999592993286615,24.99971323173389
sensor,1986-07-15 10:60,65,28.9,24.999557936171243,Core_ZN,9900.0965232,1.6500160872,68.36039504473335,,,24.999557936171243,24.99945971752892,24.99970496366368,24.999583233040788,24.999706824523624
sensor,1986-07-15 11:10,66,29.18333333333333,24.999549051023948,Core_ZN,9900.0965232,1.6500160872,70.01041113193335,,,24.999549051023948,24.999444675362643,24.99970386122281,24.99957551730266,24.99970160721753
sensor,1986-07-15 11:20,67,29.46666666666667,24.999700031651926,Core_ZN,9350.091160799999,1.5583485267999997,71.56875965873336,,,24.999700031651926,24.99961059072263,24.99980065293871,24.9997202503347,24.99979955011021
sensor,1986-07-15 11:30,68,29.75,24.99964095181636,Core_ZN,9350.091160799999,1.5583485267999997,73.12710818553336,,,24.99964095181636,24.999541131497377,24.999778089237473,24.999678277704618,24.999764223571923
sensor,1986-07-15 11:40,69,30.03333333333333,24.999652881712105,Core_ZN,9350.091160799999,1.5583485267999997,74.68545671233336,,,24.999652881712105,24.99959177395188,24.999792454348153,24.999713326850042,24.999792010199357
sensor,1986-07-15 11:50,70,30.31666666666667,24.999562499159484,Core_ZN,9350.091160799999,1.5583485267999997,76.24380523913337,,,24.999562499159484,24.999489917507823,24.99975199637136,24.99964335029756,24.999738067481484
sensor,1986-07-15 11:60,71,30.6,24.9994041333574,Core_ZN,9350.091160799999,1.5583485267999997,77.80215376593337,,,24.9994041333574,24.999348027649212,24.999684610236862,24.999536563620932,24.99966144914205
sensor,1986-07-15 12:10,72,30.78333333333334,24.99907172385318,Core_ZN,9350.091160799999,1.5583485267999997,79.36050229273337,,,24.99907172385318,24.999097636402247,24.999531026386244,24.99932867987952,24.999534584305266
sensor,1986-07-15 12:20,73,30.96666666666667,24.998942708371725,Core_ZN,9900.0965232,1.6500160872,81.01051837993337,,,24.998942708371725,24.99904625168669,24.999475239034943,24.99927600070222,24.999497406309285
sensor,1986-07-15 12:30,74,31.15,24.9985642845937,Core_ZN,9900.0965232,1.6500160872,82.66053446713337,,,24.9985642845937,24.998671389698917,24.99923280103398,24.998939214620854,24.999264773360103
sensor,1986-07-15 12:40,75,31.333333333333336,24.99847358188235,Core_ZN,9900.0965232,1.6500160872,84.31055055433337,,,24.99847358188235,24.998569001151164,24.999145986149532,24.998842241115092,24.999182786858956
sensor,1986-07-15 12:50,76,31.516666666666666,24.99844154371631,Core_ZN,9900.0965232,1.6500160872,85.96056664153338,,,24.99844154371631,24.99853378369718,24.999110011295752,24.998804551222346,24.999149752327522
sensor,1986-07-15 12:60,77,31.7,24.99842356064813,Core_ZN,9900.0965232,1.6500160872,87.61058272873338,,,24.99842356064813,24.998516736365783,24.999090860631014,24.998782261687513,24.99913262387843
sensor,1986-07-15 13:10,78,31.700000000000003,24.998409521488313,Core_ZN,9900.0965232,1.6500160872,89.26059881593338,,,24.998409521488313,24.998506856656785,24.999077649616197,24.998764888246452,24.9991208874125
sensor,1986-07-15 13:20,79,31.700000000000003,24.99839813240729,Core_ZN,9900.0965232,1.6500160872,90.91061490313338,,,24.99839813240729,24.998504545618193,24.999068371185228,24.998751916310635,24.999108297525943
sensor,1986-07-15 13:30,80,31.7,24.998391862733605,Core_ZN,9900.0965232,1.6500160872,92.56063099033338,,,24.998391862733605,24.99850086332587,24.999059367930254,24.99873842540377,24.999081774328616
sensor,1986-07-15 13:40,81,31.700000000000003,24.999030786532444,Core_ZN,9900.0965232,1.6500160872,94.21064707753338,,,24.999030786532444,24.999011589136906,24.999363598925214,24.99915672732359,24.999282904616962
sensor,1986-07-15 13:50,82,31.7,24.999075346456458,Core_ZN,9900.0965232,1.6500160872,95.86066316473338,,,24.999075346456458,24.9990136535022,24.99936386156325,24.999159547173434,24.999282408861266
sensor,1986-07-15 13:60,83,31.7,24.999080159041803,Core_ZN,9900.0965232,1.6500160872,97.51067925193338,,,24.999080159041803,24.99901490275735,24.999359704618918,24.999152690003868,24.99924973670886
sensor,1986-07-15 14:10,84,31.700000000000003,24.999079151088587,Core_ZN,9900.0965232,1.6500160872,99.16069533913338,,,24.999079151088587,24.99901682496577,24.999354856784194,24.999144748868943,24.99921154612643
sensor,1986-07-15 14:20,85,31.700000000000003,24.999065865089094,Core_ZN,9900.0965232,1.6500160872,100.81071142633338,,,24.999065865089094,24.999009370785053,24.999345620077925,24.999127651376803,24.999166728847577
sensor,1986-07-15 14:30,86,31.7,24.99905674857969,Core_ZN,9900.0965232,1.6500160872,102.46072751353339,,,24.99905674857969,24.999006559622263,24.999338830998397,24.99911407698885,24.99912422120044
sensor,1986-07-15 14:40,87,31.700000000000003,24.99904791559878,Core_ZN,9900.0965232,1.6500160872,104.11074360073339,,,24.99904791559878,24.999004310070163,24.999333768005016,24.99910315350742,24.999083962930072
sensor,1986-07-15 14:50,88,31.7,24.99904001996329,Core_ZN,9900.0965232,1.6500160872,105.76075968793339,,,24.99904001996329,24.999000069761536,24.99933176937934,24.999097389053524,24.99904588753343
sensor,1986-07-15 14:60,89,31.7,24.99903305678116,Core_ZN,9900.0965232,1.6500160872,107.41077577513339,,,24.99903305678116,24.99899783066399,24.999331304912857,24.99909392728972,24.999009759431317
sensor,1986-07-15 15:10,90,31.783333333333335,24.99902684204084,Core_ZN,9900.0965232,1.6500160872,109.06079186233339,,,24.99902684204084,24.99899756709224,24.999331693696647,24.999091856571322,24.99897570614217
sensor,1986-07-15 15:20,91,31.86666666666667,24.99903001998561,Core_ZN,9900.0965232,1.6500160872,110.71080794953339,,,24.99903001998561,24.99900789539266,24.999336944876703,24.999099164141313,24.998953087723063
sensor,1986-07-15 15:30,92,31.950000000000003,24.999006258644542,Core_ZN,9900.0965232,1.6500160872,112.36082403673339,,,24.999006258644542,24.999013928118814,24.99934114518552,24.999104816898306,24.998939187422515
sensor,1986-07-15 15:40,93,32.03333333333334,24.998995626207744,Core_ZN,9900.0965232,1.6500160872,114.01084012393339,,,24.998995626207744,24.999016829571993,24.99934428036042,24.999108497918513,24.99892664994247
sensor,1986-07-15 15:50,94,32.11666666666667,24.99898798106867,Core_ZN,9900.0965232,1.6500160872,115.66085621113339,,,24.99898798106867,24.99902135292917,24.999347902173014,24.999113388723558,24.99897177239433
sensor,1986-07-15 15:60,95,32.2,24.99927356740546,Core_ZN,9900.0965232,1.6500160872,117.3108722983334,,,24.99927356740546,24.999294674947564,24.999529379989195,24.99935809518805,24.99925356841173
sensor,1986-07-15 16:10,96,32.2,24.999268963296238,Core_ZN,9900.0965232,1.6500160872,118.9608883855334,,,24.999268963296238,24.99929195958618,24.999526576388384,24.999360931580142,24.99933750613481
sensor,1986-07-15 16:20,97,32.2,24.999747834462717,Core_ZN,5500.053624000001,0.9166756040000001,119.8775639895334,,,24.999747834462717,24.999762374704687,24.99980036720202,24.99979346597501,24.999717979906222
sensor,1986-07-15 16:30,98,32.2,24.999844906743725,Core_ZN,5500.053624000001,0.9166756040000001,120.7942395935334,,,24.999844906743725,24.999851557762927,24.99987197174788,24.99987152991341,24.999865320150104
sensor,1986-07-15 16:40,99,32.2,24.999838072571592,Core_ZN,5500.053624000001,0.9166756040000001,121.71091519753341,,,24.999838072571592,24.99983614313389,24.999867377782273,24.999858246603864,24.99986642548135
sensor,1986-07-15 16:50,100,32.2,24.99983687084119,Core_ZN,5500.053624000001,0.9166756040000001,122.62759080153342,,,24.99983687084119,24.999833819706325,24.999868177812694,24.999855888605204,24.999869746382156
sensor,1986-07-15 16:60,101,32.2,24.99983541296584,Core_ZN,5500.053624000001,0.9166756040000001,123.54426640553342,,,24.99983541296584,24.99983325650408,24.99986961971379,24.999854839832807,24.999880140686983
sensor,1986-07-15 17:10,102,31.733333333333334,24.999791284119183,Core_ZN,5500.053624000001,0.9166756040000001,124.46094200953343,,,24.999791284119183,24.99979898605465,24.999843227201524,24.9998229355318,24.9998869807307
sensor,1986-07-15 17:20,103,31.266666666666673,24.99988525178752,Core_ZN,3850.0375368,0.6416729228,125.10261493233342,,,24.99988525178752,24.9998939628058,24.999902345786303,24.999907815155417,24.99992202407828
sensor,1986-07-15 17:30,104,30.8,24.999898607937027,Core_ZN,3850.0375368,0.6416729228,125.74428785513342,,,24.999898607937027,24.999905735832645,24.999911942258958,24.999916884406247,24.999931839930138
sensor,1986-07-15 17:40,105,30.333333333333336,24.999903525728545,Core_ZN,3850.0375368,0.6416729228,126.38596077793342,,,24.999903525728545,24.999910825663243,24.999916741511413,24.999922991783016,24.999940884660322
sensor,1986-07-15 17:50,106,29.866666666666667,24.999906765502544,Core_ZN,3850.0375368,0.6416729228,127.02763370073342,,,24.999906765502544,24.999911590759123,24.999918951202133,24.999924701269656,24.999941031530092
sensor,1986-07-15 17:60,107,29.4,24.999909098448164,Core_ZN,3850.0375368,0.6416729228,127.66930662353342,,,24.999909098448164,24.999912123958005,24.99992028941262,24.99992526743338,24.999939898060774
sensor,1986-07-15 18:10,108,29.316666666666666,24.999910878173324,Core_ZN,3850.0375368,0.6416729228,128.3109795463334,,,24.999910878173324,24.99991241394599,24.99992145970125,24.999925597744078,24.999938798019315
sensor,1986-07-15 18:20,109,29.233333333333334,24.9999199039565,Core_ZN,3850.0375368,0.6416729228,128.95265246913343,,,24.9999199039565,24.999927277219633,24.999930553177297,24.99993821879631,24.999945288917047
sensor,1986-07-15 18:30,110,29.15,24.99991420563886,Core_ZN,3850.0375368,0.6416729228,129.59432539193344,,,24.99991420563886,24.999939841903718,24.999933837381406,24.99994898893676,24.999969929761
sensor,1986-07-15 18:40,111,29.066666666666666,24.999907806760547,Core_ZN,3850.0375368,0.6416729228,130.23599831473345,,,24.999907806760547,24.99991924415842,24.999917218189445,24.99993134621083,24.99993262088637
sensor,1986-07-15 18:50,112,28.98333333333333,24.999911608867585,Core_ZN,3850.0375368,0.6416729228,130.87767123753346,,,24.999911608867585,24.999922779996872,24.999917348243557,24.999934174307764,24.999928007442705
sensor,1986-07-15 18:60,113,28.9,24.999915466863527,Core_ZN,3850.0375368,0.6416729228,131.51934416033347,,,24.999915466863527,24.999927537768194,24.999919703312138,24.99993807908135,24.999928515442306
sensor,1986-07-15 19:10,114,27.78333333333333,24.999918406484973,Core_ZN,3850.0375368,0.6416729228,132.1610170831335,,,24.999918406484973,24.999931252720117,24.999921870900206,24.999941169857344,24.99992954323026
sensor,1986-07-15 19:20,115,26.666666666666668,24.999922373686815,Core_ZN,3300.0321744000003,0.5500053624,132.71102244553347,,,24.999922373686815,24.999924355841898,24.999924014559163,24.999936029058595,24.999931653464067
sensor,1986-07-15 19:30,116,25.549999999999997,24.99993920884028,Core_ZN,3300.0321744000003,0.5500053624,133.26102780793346,,,24.99993920884028,24.999937104037656,24.999936635732418,24.999946178021347,24.999949676031516
sensor,1986-07-15 19:40,117,24.433333333333334,24.999933798949897,Core_ZN,5603.0321744,0.9338386957333333,134.1948665036668,,,24.999933798949897,24.999926442442636,24.999936793640543,24.99993696419774,24.999944085130572
sensor,1986-07-15 19:50,118,23.316666666666666,24.999931284654235,Core_ZN,5603.0321744,0.9338386957333333,135.12870519940012,,,24.999931284654235,24.9999202424114,24.99993574472461,24.999931285517917,24.999942023316535
sensor,1986-07-15 19:60,119,22.2,24.99993044713567,Core_ZN,5603.0321744,0.9338386957333333,136.06254389513344,,,24.99993044713567,24.999916805294482,24.99993575623116,24.99992820979196,24.999941490603305
sensor,1986-07-15 20:10,120,22.3,24.999930782884256,Core_ZN,5603.0321744,0.9338386957333333,136.99638259086677,,,24.999930782884256,24.999917098553773,24.999937540888975,24.999928074836795,24.999942851513794
sensor,1986-07-15 20:20,121,22.4,24.999946937682594,Core_ZN,5603.0321744,0.9338386957333333,137.9302212866001,,,24.999946937682594,24.999944881825634,24.99995343225119,24.99995164303691,24.999957839296254
sensor,1986-07-15 20:30,122,22.5,24.999943733701176,Core_ZN,5603.0321744,0.9338386957333333,138.86405998233343,,,24.999943733701176,24.999949451092874,24.999938652160424,24.999953280104236,24.999949049630285
sensor,1986-07-15 20:40,123,22.6,24.99996232234526,Core_ZN,5603.0321744,0.9338386957333333,139.79789867806676,,,24.99996232234526,24.9999699392864,24.999956795311252,24.999972515782556,24.999961990171116
sensor,1986-07-15 20:50,124,22.7,24.999974251056173,Core_ZN,5603.0321744,0.9338386957333333,140.7317373738001,,,24.999974251056173,24.999986272957237,24.99996605916052,24.99998688760988,24.99997005787884
sensor,1986-07-15 20:60,125,22.8,24.999983779956526,Core_ZN,5603.0321744,0.9338386957333333,141.66557606953342,,,24.999983779956526,24.999999351835488,24.999972321733104,24.99999835742028,24.999975970346632
sensor,1986-07-15 21:10,126,22.983333333333334,24.999948325865354,Core_ZN,5603.0321744,0.9338386957333333,142.59941476526674,,,24.999948325865354,24.999978058818424,24.999937772639566,24.999975233381402,24.999942369914606
sensor,1986-07-15 21:20,127,23.166666666666668,25.280987803185806,Core_ZN,5053.026812,0.8421711353333332,143.44158590060007,,,25.280987803185806,25.526150253872935,25.63769624056318,25.44812946838069,25.624102945024728
sensor,1986-07-15 21:30,128,23.35,25.560593651750516,Core_ZN,5053.026812,0.8421711353333332,144.2837570359334,,,25.560593651750516,25.011557074669824,25.02482015275138,25.012036797046896,25.02354111580066
sensor,1986-07-15 21:40,129,23.53333333333333,25.032743673799892,Core_ZN,5053.026812,0.8421711353333332,145.12592817126674,,,25.032743673799892,25.00107399870405,25.004541990957527,25.001246575118735,25.00419047455307
sensor,1986-07-15 21:50,130,23.71666666666667,25.001590180939488,Core_ZN,5053.026812,0.8421711353333332,145.96809930660007,,,25.001590180939488,25.492297493788733,25.59266895647002,24.999853264076965,25.580464242603774
sensor,1986-07-15 21:60,131,23.9,25.298534195365693,Core_ZN,5053.026812,0.8421711353333332,146.8102704419334,,,25.298534195365693,25.012742675176092,25.02702036366122,25.448474285001158,25.025813170985366
sensor,1986-07-15 22:10,132,24.183333333333334,25.64338501453954,Core_ZN,5053.026812,0.8421711353333332,147.65244157726673,,,25.64338501453954,25.001234950709584,25.004979575171596,25.027796761762012,25.0046334726768
sensor,1986-07-15 22:20,133,24.46666666666667,25.040490218469373,Core_ZN,4778.0241308,0.7963373551333334,148.44877893240007,,,25.040490218469373,24.99985078917038,25.00065277007046,25.003031714484187,25.0005650564294
sensor,1986-07-15 22:30,134,24.75,25.001988559453956,Core_ZN,4778.0241308,0.7963373551333334,149.24511628753342,,,25.001988559453956,25.486443788616512,25.585738443626873,24.9999607459348,25.574371018477038
sensor,1986-07-15 22:40,135,25.03333333333333,25.313391517200948,Core_ZN,4778.0241308,0.7963373551333334,150.04145364266677,,,25.313391517200948,25.01252567956975,25.02659619951825,25.451983088022,25.025439326792522
sensor,1986-07-15 22:50,136,25.316666666666666,25.680130459270835,Core_ZN,4778.0241308,0.7963373551333334,150.8377909978001,,,25.680130459270835,25.001211863471024,25.00491311153688,25.027927407909495,25.00457673047431
sensor,1986-07-15 22:60,137,25.6,25.01893049024516,Core_ZN,4778.0241308,0.7963373551333334,151.63412835293346,,,25.01893049024516,24.999807150174668,25.00021543872021,25.001367322618563,25.00016586880107
sensor,1986-07-15 23:10,138,25.6,25.000910614203043,Core_ZN,4778.0241308,0.7963373551333334,152.4304657080668,,,25.000910614203043,25.502056337422275,25.600264673683252,24.999860138494785,25.58965293000765
sensor,1986-07-15 23:20,139,25.6,25.320124366247672,Core_ZN,4778.0241308,0.7963373551333334,153.22680306320015,,,25.320124366247672,25.012872514368347,25.027166809442804,25.452143318520665,25.02603621557126
sensor,1986-07-15 23:30,140,25.6,25.68763899026889,Core_ZN,4778.0241308,0.7963373551333334,154.0231404183335,,,25.68763899026889,25.00126338330554,25.005042309384415,25.02784386747167,25.004712679574688
sensor,1986-07-15 23:40,141,25.6,25.019191335273156,Core_ZN,4778.0241308,0.7963373551333334,154.81947777346684,,,25.019191335273156,24.999816703716498,25.000231526686015,25.001371402136613,25.0001836697329
sensor,1986-07-15 23:50,142,25.6,25.000942020219036,Core_ZN,4778.0241308,0.7963373551333334,155.6158151286002,,,25.000942020219036,25.48144983729687,25.574600671020704,24.999875359889067,25.564872256337978
sensor,1986-07-15 23:60,143,25.6,25.31248474102612,Core_ZN,4778.0241308,0.7963373551333334,156.41215248373354,,,25.31248474102612,25.01231123857425,25.025987678191804,25.442188223977453,25.024915147808194
sensor,1986-07-16 00:10,144,25.133333333333336,25.67519663991539,Core_ZN,4778.0241308,0.7963373551333334,157.20848983886688,,,25.67519663991539,25.001202077123594,25.00481966329628,25.027206619428483,25.004503010062287
sensor,1986-07-16 00:20,145,24.66666666666667,25.01880660122959,Core_ZN,4778.0241308,0.7963373551333334,158.00482719400023,,,25.01880660122959,24.999833533885997,25.00022741992028,25.001354693713036,25.00018259433878
sensor,1986-07-16 00:30,146,24.200000000000003,25.000955538320056,Core_ZN,4778.0241308,0.7963373551333334,158.80116454913357,,,25.000955538320056,25.434852610264954,25.525424134650553,24.99990734323412,25.515695944069538
sensor,1986-07-16 00:40,147,23.733333333333334,25.28856734125722,Core_ZN,4778.0241308,0.7963373551333334,159.59750190426692,,,25.28856734125722,25.025898320261845,25.05384430283644,25.4191481191311,25.051638916781755
sensor,1986-07-16 00:50,148,23.266666666666666,25.479166187473076,Core_ZN,4778.0241308,0.7963373551333334,160.39383925940027,,,25.479166187473076,25.002750691574782,25.00922256398971,25.028809220059077,25.0086703101032
sensor,1986-07-16 00:60,149,22.8,25.03403992846656,Core_ZN,4778.0241308,0.7963373551333334,161.1901766145336,,,25.03403992846656,25.000120679368194,25.001464018925844,25.003257078310693,25.00133184458748
sensor,1986-07-16 01:10,150,22.7,25.003720899127842,Core_ZN,4778.0241308,0.7963373551333334,161.98651396966696,,,25.003720899127842,25.376768959179905,25.472298581349307,25.000237758363305,25.462066401246737
sensor,1986-07-16 01:20,151,22.6,25.00031642248303,Core_ZN,4778.0241308,0.7963373551333334,162.7828513248003,,,25.00031642248303,25.677781160569236,25.053061056941814,25.3393024451967,25.050740120461732
sensor,1986-07-16 01:30,152,22.5,25.193970735503125,Core_ZN,4778.0241308,0.7963373551333334,163.57918867993365,,,25.193970735503125,25.02068840974247,25.004470420657977,25.58127455615682,25.0041819538283
sensor,1986-07-16 01:40,153,22.4,25.35849695500166,Core_ZN,4778.0241308,0.7963373551333334,164.375526035067,,,25.35849695500166,25.00242027494273,25.000736496666022,25.038443744316027,25.000658041692624
sensor,1986-07-16 01:50,154,22.3,25.429250000190365,Core_ZN,4778.0241308,0.7963373551333334,165.17186339020034,,,25.429250000190365,25.340392849036064,25.420976131777987,25.00446800317348,25.41096267559929
sensor,1986-07-16 01:60,155,22.2,25.46066232159911,Core_ZN,4778.0241308,0.7963373551333334,165.9682007453337,,,25.46066232159911,25.621066861889524,25.04721260489046,25.307641009013047,25.04504698737899
sensor,1986-07-16 02:10,156,22.483333333333334,25.47086735467616,Core_ZN,4778.0241308,0.7963373551333334,166.76453810046704,,,25.47086735467616,25.042144785696674,25.008185625097646,25.48206937177973,25.007662469117086
sensor,1986-07-16 02:20,157,22.766666666666666,25.484828641122974,Core_ZN,4778.0241308,0.7963373551333334,167.56087545560038,,,25.484828641122974,25.004733208598992,25.001337297819013,25.03863310464496,25.00121579015039
sensor,1986-07-16 02:30,158,23.049999999999997,25.503171553006666,Core_ZN,4778.0241308,0.7963373551333334,168.35721281073373,,,25.503171553006666,25.33145855632457,25.40454203093949,25.004502422108196,25.394548156508257
sensor,1986-07-16 02:40,159,23.333333333333332,25.037405829494144,Core_ZN,4778.0241308,0.7963373551333334,169.15355016586707,,,25.037405829494144,25.62669432871548,25.770461144973403,25.00041340412845,25.753641656622634
sensor,1986-07-16 02:50,160,23.616666666666667,25.001911308870028,Core_ZN,4778.0241308,0.7963373551333334,169.94988752100042,,,25.001911308870028,25.01878421512234,25.039114684055882,25.28568899211984,25.037273547968404
sensor,1986-07-16 02:60,161,23.9,24.999805639361846,Core_ZN,4778.0241308,0.7963373551333334,170.74622487613377,,,24.999805639361846,24.999866727033332,25.000601645718348,25.55572663725901,25.000517675463357
sensor,1986-07-16 03:10,162,23.900000000000002,25.234601873535787,Core_ZN,4778.0241308,0.7963373551333334,171.5425622312671,,,25.234601873535787,25.355411895741504,25.43967539915614,25.045915516019008,25.429146535035805
sensor,1986-07-16 03:20,163,23.9,25.410149672668695,Core_ZN,4778.0241308,0.7963373551333334,172.33889958640046,,,25.410149672668695,25.663472890476825,25.049319393514224,25.00538302277689,25.047052640316704
sensor,1986-07-16 03:30,164,23.9,25.49105372449401,Core_ZN,4778.0241308,0.7963373551333334,173.1352369415338,,,25.49105372449401,25.020039106940335,25.00417601533892,25.000196700174463,25.00389796753372
sensor,1986-07-16 03:40,165,23.9,25.03557987289586,Core_ZN,4778.0241308,0.7963373551333334,173.93157429666715,,,25.03557987289586,25.00235918744376,25.000691208756294,25.313516118040646,25.000615676566625
sensor,1986-07-16 03:50,166,23.9,25.003943785551012,Core_ZN,4778.0241308,0.7963373551333334,174.7279116518005,,,25.003943785551012,25.33945691022637,25.41010651741286,25.517700103302417,25.39999605023749
sensor,1986-07-16 03:60,167,23.9,25.000348409050737,Core_ZN,4778.0241308,0.7963373551333334,175.52424900693384,,,25.000348409050737,25.64130280579108,25.04597849975403,25.040667398855312,25.762145535266306
sensor,1986-07-16 04:10,168,23.900000000000002,25.19573106599124,Core_ZN,4778.0241308,0.7963373551333334,176.3205863620672,,,25.19573106599124,25.019244683622308,25.003908767822626,25.00225597415162,25.03764310232992
sensor,1986-07-16 04:20,169,23.9,25.42325773889577,Core_ZN,5053.026812,0.8421711353333332,177.16275749740052,,,25.42325773889577,24.999886534861975,24.99990132233012,24.999797186107145,25.00051547278119
sensor,1986-07-16 04:30,170,23.9,25.480122548833435,Core_ZN,5053.026812,0.8421711353333332,178.00492863273385,,,25.480122548833435,25.33158702796907,25.39507999010303,25.302478862349847,25.400502284979844
sensor,1986-07-16 04:40,171,23.9,25.528334101833874,Core_ZN,5053.026812,0.8421711353333332,178.84709976806718,,,25.528334101833874,25.578841832654017,25.66990800053176,25.539463721526804,25.673932063919622
sensor,1986-07-16 04:50,172,23.9,25.039370221561263,Core_ZN,2750.0268120000005,0.45833780200000007,179.30543757006717,,,25.039370221561263,25.046081181841007,25.088162143718872,25.044530898261826,25.086716779386784
sensor,1986-07-16 04:60,173,23.9,25.001776453805263,Core_ZN,2750.0268120000005,0.45833780200000007,179.76377537206716,,,25.001776453805263,25.002306692616443,25.01023462439123,25.002378822070806,25.009813030078654
sensor,1986-07-16 05:10,174,24.183333333333334,25.000282971516732,Core_ZN,2750.0268120000005,0.45833780200000007,180.22211317406715,,,25.000282971516732,25.00033584416095,25.00324020110222,25.000357878953665,25.003134128333794
sensor,1986-07-16 05:20,175,24.46666666666667,24.99992647227628,Core_ZN,2750.0268120000005,0.45833780200000007,180.68045097606714,,,24.99992647227628,24.99985947405496,25.000855195062865,24.999834746731196,25.00091224364954
sensor,1986-07-16 05:30,176,24.75,24.999830333268388,Core_ZN,2750.0268120000005,0.45833780200000007,181.13878877806712,,,24.999830333268388,24.99978996493312,24.999774397760746,24.99972348279868,24.999975105949176
sensor,1986-07-16 05:40,177,25.03333333333333,24.99986589279581,Core_ZN,2750.0268120000005,0.45833780200000007,181.5971265800671,,,24.99986589279581,24.999833960462468,24.999749632519034,24.999778837057434,24.999915083561667
sensor,1986-07-16 05:50,178,25.316666666666666,24.999869507186496,Core_ZN,2750.0268120000005,0.45833780200000007,182.0554643820671,,,24.999869507186496,24.999836405172452,24.999718292704706,24.999780332588124,24.99990220780288
sensor,1986-07-16 05:60,179,25.6,24.99987928046494,Core_ZN,2750.0268120000005,0.45833780200000007,182.5138021840671,,,24.99987928046494,24.99984276997129,24.9996327250254,24.999784443240955,24.999888070493828
sensor,1986-07-16 06:10,180,25.783333333333335,24.99990241158693,Core_ZN,2750.0268120000005,0.45833780200000007,182.97213998606708,,,24.99990241158693,24.99986897869658,24.999711110953914,24.999824552730946,24.999918749683637
sensor,1986-07-16 06:20,181,25.96666666666667,25.00001521129107,Core_ZN,3850.0375368,0.6416729228,183.6138129088671,,,25.00001521129107,25.000109577262755,25.000055751920605,25.0001188070911,25.000041297474738
sensor,1986-07-16 06:30,182,26.15,24.99999099268035,Core_ZN,3850.0375368,0.6416729228,184.2554858316671,,,24.99999099268035,25.000070080526825,24.999965423395423,25.000073860935377,25.000020551653503
sensor,1986-07-16 06:40,183,26.333333333333332,24.99997646697973,Core_ZN,3850.0375368,0.6416729228,184.8971587544671,,,24.99997646697973,25.000040683112054,24.99990035652621,25.000044634190168,25.000007944797726
sensor,1986-07-16 06:50,184,26.516666666666666,24.999964601286905,Core_ZN,3850.0375368,0.6416729228,185.53883167726713,,,24.999964601286905,25.000013977303816,24.999847283883277,25.00002157284684,24.999996550268833
sensor,1986-07-16 06:60,185,26.7,24.999972988955616,Core_ZN,3850.0375368,0.6416729228,186.18050460006714,,,24.999972988955616,25.000013484267036,24.999846374560846,25.000028598250893,25.000015767505047
sensor,1986-07-16 07:10,186,26.96666666666667,24.999960628882988,Core_ZN,3850.0375368,0.6416729228,186.82217752286715,,,24.999960628882988,24.99997894827062,24.999810229093697,24.99999428844475,24.999987688671773
sensor,1986-07-16 07:20,187,27.233333333333334,24.99954880233117,Core_ZN,9900.0965232,1.6500160872,188.47219361006714,,,24.99954880233117,24.999593513123564,24.999442622385324,24.99965112058897,24.99978826185447
sensor,1986-07-16 07:30,188,27.5,24.99950178926313,Core_ZN,9900.0965232,1.6500160872,190.12220969726712,,,24.99950178926313,24.999538183247836,24.999378278127395,24.999600352735634,24.999754517791867
sensor,1986-07-16 07:40,189,27.766666666666666,24.999487961217454,Core_ZN,9900.0965232,1.6500160872,191.7722257844671,,,24.999487961217454,24.99951172890682,24.99935117371846,24.999574417481913,24.999735091726247
sensor,1986-07-16 07:50,190,28.033333333333335,24.999479980731568,Core_ZN,9900.0965232,1.6500160872,193.4222418716671,,,24.999479980731568,24.999494708528037,24.999341342351567,24.99955617115465,24.99972032338461
sensor,1986-07-16 07:60,191,28.3,24.9994754432073,Core_ZN,9900.0965232,1.6500160872,195.07225795886708,,,24.9994754432073,24.999483744046834,24.99933865684982,24.9995431532022,24.9997088422775
sensor,1986-07-16 08:10,192,28.583333333333336,24.999473048414004,Core_ZN,9900.0965232,1.6500160872,196.72227404606707,,,24.999473048414004,24.999479196794596,24.99933952906131,24.999533659155624,24.99969961622761
sensor,1986-07-16 08:20,193,28.86666666666667,24.999473432038894,Core_ZN,9900.0965232,1.6500160872,198.37229013326706,,,24.999473432038894,24.999477995746226,24.999345621298286,24.999529431873235,24.99969428266695
sensor,1986-07-16 08:30,194,29.15,24.99947120005454,Core_ZN,9900.0965232,1.6500160872,200.02230622046704,,,24.99947120005454,24.999477258585358,24.999352414971316,24.99952685521056,24.99968960512024
sensor,1986-07-16 08:40,195,29.433333333333337,24.999470518962355,Core_ZN,9900.0965232,1.6500160872,201.67232230766703,,,24.999470518962355,24.99947623487741,24.999359777889183,24.999523985232017,24.99968494626066
sensor,1986-07-16 08:50,196,29.716666666666665,24.99930340760018,Core_ZN,9900.0965232,1.6500160872,203.32233839486702,,,24.99930340760018,24.999305390019988,24.999219744226274,24.999369138311817,24.99957607607694
sensor,1986-07-16 08:60,197,30.0,24.999319841350555,Core_ZN,9900.0965232,1.6500160872,204.972354482067,,,24.999319841350555,24.99932595748008,24.999240080400593,24.99938581208795,24.99958996911737
sensor,1986-07-16 09:10,198,30.183333333333334,24.999319499411904,Core_ZN,9900.0965232,1.6500160872,206.622370569267,,,24.999319499411904,24.99932137489485,24.9992680626025,24.99938366873467,24.999586764427185
sensor,1986-07-16 09:20,199,30.36666666666667,24.99932152709245,Core_ZN,9900.0965232,1.6500160872,208.27238665646698,,,24.99932152709245,24.99931853363058,24.9992957873494,24.999384354212918,24.999584725256753
sensor,1986-07-16 09:30,200,30.55,24.99932141086009,Core_ZN,9900.0965232,1.6500160872,209.92240274366696,,,24.99932141086009,24.999314416953688,24.9993227500934,24.999384415247942,24.999582269759124
sensor,1986-07-16 09:40,201,30.733333333333334,24.999321495953712,Core_ZN,9900.0965232,1.6500160872,211.57241883086695,,,24.999321495953712,24.99930653250997,24.999349091710922,24.999383933574137,24.99957963522481
sensor,1986-07-16 09:50,202,30.916666666666668,24.999321306097727,Core_ZN,9900.0965232,1.6500160872,213.22243491806694,,,24.999321306097727,24.999291251220708,24.999376633334585,24.99938457764223,24.999577838330282
sensor,1986-07-16 09:60,203,31.1,24.999320781825098,Core_ZN,9900.0965232,1.6500160872,214.87245100526692,,,24.999320781825098,24.9992750346266,24.99940372864728,24.99938493478745,24.99957604071531
sensor,1986-07-16 10:10,204,31.200000000000003,24.999462003691452,Core_ZN,9900.0965232,1.6500160872,216.5224670924669,,,24.999462003691452,24.99939304332159,24.99957869579086,24.99950451283785,24.999649351767566
sensor,1986-07-16 10:20,205,31.300000000000004,24.999477901593053,Core_ZN,9900.0965232,1.6500160872,218.1724831796669,,,24.999477901593053,24.999408829795115,24.999583220621183,24.999523350978542,24.999665781375587
sensor,1986-07-16 10:30,206,31.4,24.999475573642997,Core_ZN,9900.0965232,1.6500160872,219.82249926686688,,,24.999475573642997,24.999404789724593,24.999606330865547,24.999529872990053,24.999669329945633
sensor,1986-07-16 10:40,207,31.5,24.999475205029484,Core_ZN,9900.0965232,1.6500160872,221.47251535406687,,,24.999475205029484,24.999398568410157,24.999627996669417,24.999533760328987,24.999670866623127
sensor,1986-07-16 10:50,208,31.6,24.999474728199587,Core_ZN,9900.0965232,1.6500160872,223.12253144126686,,,24.999474728199587,24.99939179205957,24.99964727945909,24.999535759314636,24.999671232757642
sensor,1986-07-16 10:60,209,31.7,24.99947367456241,Core_ZN,9900.0965232,1.6500160872,224.77254752846684,,,24.99947367456241,24.9993847008876,24.99966375425819,24.999536417934053,24.999670788395214
sensor,1986-07-16 11:10,210,31.783333333333335,24.99947210124327,Core_ZN,9900.0965232,1.6500160872,226.42256361566683,,,24.99947210124327,24.999377585797543,24.99966432060408,24.999536023823467,24.99966973316964
sensor,1986-07-16 11:20,211,31.86666666666667,24.999528023500375,Core_ZN,9350.091160799999,1.5583485267999997,227.98091214246682,,,24.999528023500375,24.999402104849302,24.999721031667868,24.999588277903555,24.999700727431033
sensor,1986-07-16 11:30,212,31.950000000000003,24.99951726504906,Core_ZN,9350.091160799999,1.5583485267999997,229.5392606692668,,,24.99951726504906,24.999438569123022,24.99969966605248,24.999603093409128,24.999715619439183
sensor,1986-07-16 11:40,213,32.03333333333334,24.99932828261482,Core_ZN,9350.091160799999,1.5583485267999997,231.0976091960668,,,24.99932828261482,24.99921075998555,24.999617922925566,24.99945097290909,24.99960490688288
sensor,1986-07-16 11:50,214,32.11666666666667,24.99930784996886,Core_ZN,9350.091160799999,1.5583485267999997,232.6559577228668,,,24.99930784996886,24.999253181573504,24.999588265513225,24.999459924860307,24.999616598104183
sensor,1986-07-16 11:60,215,32.2,24.99896301780649,Core_ZN,9350.091160799999,1.5583485267999997,234.21430624966678,,,24.99896301780649,24.998958401486696,24.999450104429435,24.99923559428195,24.999484787502634
sensor,1986-07-16 12:10,216,32.300000000000004,24.99888504690765,Core_ZN,9350.091160799999,1.5583485267999997,235.77265477646677,,,24.99888504690765,24.998925691130236,24.999402596876685,24.99919642343833,24.999458544339088
sensor,1986-07-16 12:20,217,32.400000000000006,24.998786049555257,Core_ZN,9900.0965232,1.6500160872,237.42267086366675,,,24.998786049555257,24.998881512707765,24.99937261548088,24.999153150292337,24.999436830807493
sensor,1986-07-16 12:30,218,32.5,24.998409963149165,Core_ZN,9900.0965232,1.6500160872,239.07268695086674,,,24.998409963149165,24.99850195180685,24.99912907113472,24.998817207921757,24.999205704211356
sensor,1986-07-16 12:40,219,32.6,24.998328994263527,Core_ZN,9900.0965232,1.6500160872,240.72270303806673,,,24.998328994263527,24.998405865696913,24.99904329753159,24.998727345215105,24.999125579437692
sensor,1986-07-16 12:50,220,32.699999999999996,24.998306163400766,Core_ZN,9900.0965232,1.6500160872,242.3727191252667,,,24.998306163400766,24.99837787908443,24.99900820579462,24.998696177644202,24.99909392902619
sensor,1986-07-16 12:60,221,32.8,24.998295556912257,Core_ZN,9900.0965232,1.6500160872,244.0227352124667,,,24.998295556912257,24.9983677346928,24.998989701012746,24.998679479508873,24.999077922963895
sensor,1986-07-16 13:10,222,32.88333333333333,24.99828712181437,Core_ZN,9900.0965232,1.6500160872,245.6727512996667,,,24.99828712181437,24.99836399175308,24.998976728258548,24.998666265816695,24.99906689729952
sensor,1986-07-16 13:20,223,32.96666666666667,24.99828676773912,Core_ZN,9900.0965232,1.6500160872,247.32276738686667,,,24.99828676773912,24.998369106709042,24.99897193216835,24.998660477824227,24.99905943697856
sensor,1986-07-16 13:30,224,33.05,24.998270448955374,Core_ZN,9900.0965232,1.6500160872,248.97278347406666,,,24.998270448955374,24.998355664638925,24.99896029236818,24.998636307135435,24.99902420946081
sensor,1986-07-16 13:40,225,33.133333333333326,24.998324832311145,Core_ZN,9900.0965232,1.6500160872,250.62279956126665,,,24.998324832311145,24.998344433689297,24.99894826245298,24.998611736747836,24.998971964349632
sensor,1986-07-16 13:50,226,33.21666666666667,24.998335440534245,Core_ZN,9900.0965232,1.6500160872,252.27281564846663,,,24.998335440534245,24.99833911909247,24.998937782354588,24.99859055185053,24.998911402994658
sensor,1986-07-16 13:60,227,33.3,24.99833552612792,Core_ZN,9900.0965232,1.6500160872,253.92283173566662,,,24.99833552612792,24.99834152960559,24.99892984067621,24.99857451587266,24.998847922789153
sensor,1986-07-16 14:10,228,33.3,24.998332652951746,Core_ZN,9900.0965232,1.6500160872,255.5728478228666,,,24.998332652951746,24.998348563952746,24.998923814057456,24.998561782475385,24.998783424767282
sensor,1986-07-16 14:20,229,33.3,24.998334900987302,Core_ZN,9900.0965232,1.6500160872,257.2228639100666,,,24.998334900987302,24.998364029189194,24.998924299105717,24.998556946422873,24.99872435401749
sensor,1986-07-16 14:30,230,33.3,24.998322941128237,Core_ZN,9900.0965232,1.6500160872,258.87287999726664,,,24.998322941128237,24.9983648745228,24.998919853835783,24.998539374287937,24.998660429347414
sensor,1986-07-16 14:40,231,33.3,24.998314056190022,Core_ZN,9900.0965232,1.6500160872,260.52289608446665,,,24.998314056190022,24.998366612768088,24.99891575576509,24.99852314528133,24.998599368059697
sensor,1986-07-16 14:50,232,33.3,24.998304906656635,Core_ZN,9900.0965232,1.6500160872,262.17291217166667,,,24.998304906656635,24.99836818591742,24.998913836425285,24.998511793469515,24.998542470842448
sensor,1986-07-16 14:60,233,33.3,24.99829715417837,Core_ZN,9900.0965232,1.6500160872,263.8229282588667,,,24.99829715417837,24.998368793716946,24.99891541629214,24.99850780906099,24.9984842552203
sensor,1986-07-16 15:10,234,33.21666666666667,24.99885310830488,Core_ZN,9900.0965232,1.6500160872,265.4729443460667,,,24.99885310830488,24.998853031046043,24.999182045943343,24.99892840485383,24.998581888061842
sensor,1986-07-16 15:20,235,33.13333333333333,24.99893678067314,Core_ZN,9900.0965232,1.6500160872,267.1229604332667,,,24.99893678067314,24.99892637673467,24.99925561430839,24.99901383172082,24.99876294143852
sensor,1986-07-16 15:30,236,33.05,24.998927699964703,Core_ZN,9900.0965232,1.6500160872,268.7729765204667,,,24.998927699964703,24.998949152402087,24.999276966965958,24.999037526341535,24.998788926355783
sensor,1986-07-16 15:40,237,32.96666666666666,24.99892427297567,Core_ZN,9900.0965232,1.6500160872,270.42299260766674,,,24.99892427297567,24.99896340644583,24.999288947127596,24.999052262273693,24.998791639000075
sensor,1986-07-16 15:50,238,32.88333333333333,24.999215611773945,Core_ZN,9900.0965232,1.6500160872,272.07300869486676,,,24.999215611773945,24.999232667205632,24.999466352637107,24.999293451778357,24.998987866073218
sensor,1986-07-16 15:60,239,32.8,24.999225533526356,Core_ZN,9900.0965232,1.6500160872,273.7230247820668,,,24.999225533526356,24.999240254094076,24.999479234871533,24.999309442701566,24.999069333083003
sensor,1986-07-16 16:10,240,32.8,24.999224159265058,Core_ZN,9900.0965232,1.6500160872,275.3730408692668,,,24.999224159265058,24.99924138420466,24.99948344731787,24.999312937791416,24.99908022490373
sensor,1986-07-16 16:20,241,32.8,24.999718903859197,Core_ZN,5500.053624000001,0.9166756040000001,276.28971647326676,,,24.999718903859197,24.999731584985952,24.99977858495629,24.999765104858156,24.999506011709045
sensor,1986-07-16 16:30,242,32.8,24.999776078799727,Core_ZN,5500.053624000001,0.9166756040000001,277.20639207726674,,,24.999776078799727,24.999778858886362,24.999816540642765,24.99980753142391,24.99957013385279
sensor,1986-07-16 16:40,243,32.8,24.999791205842534,Core_ZN,5500.053624000001,0.9166756040000001,278.1230676812667,,,24.999791205842534,24.999791660208178,24.999828296927838,24.999819544063342,24.999589090329685
sensor,1986-07-16 16:50,244,32.8,24.999798740224975,Core_ZN,5500.053624000001,0.9166756040000001,279.0397432852667,,,24.999798740224975,24.99979824403854,24.999835032587747,24.99982564905929,24.999610155438877
sensor,1986-07-16 16:60,245,32.8,24.999802836156938,Core_ZN,5500.053624000001,0.9166756040000001,279.9564188892667,,,24.999802836156938,24.999801514884375,24.99983918641005,24.999828419565667,24.999627652647057
sensor,1986-07-16 17:10,246,32.61666666666667,24.999804615622264,Core_ZN,5500.053624000001,0.9166756040000001,280.87309449326665,,,24.999804615622264,24.99980300871985,24.999841771515413,24.999828802038046,24.999644719666392
sensor,1986-07-16 17:20,247,32.43333333333334,24.999885736267693,Core_ZN,3850.0375368,0.6416729228,281.51476741606666,,,24.999885736267693,24.999889057296897,24.999896294276024,24.999897886886124,24.99974367481915
sensor,1986-07-16 17:30,248,32.25,24.999887567015648,Core_ZN,3850.0375368,0.6416729228,282.1564403388667,,,24.999887567015648,24.999885508665052,24.999898515822245,24.999884738745436,24.999759908630278
sensor,1986-07-16 17:40,249,32.06666666666666,24.99988279500382,Core_ZN,3850.0375368,0.6416729228,282.7981132616667,,,24.99988279500382,24.99987817396262,24.999896908690346,24.999867851373658,24.999767196414645
sensor,1986-07-16 17:50,250,31.883333333333333,24.999878154798168,Core_ZN,3850.0375368,0.6416729228,283.4397861844667,,,24.999878154798168,24.999875592725665,24.999897000392632,24.99985753511954,24.99978904251339
sensor,1986-07-16 17:60,251,31.7,24.999902943902008,Core_ZN,3850.0375368,0.6416729228,284.0814591072667,,,24.999902943902008,24.999904298368673,24.99991948048376,24.999876016563913,24.99985823407463
sensor,1986-07-16 18:10,252,31.516666666666666,24.99990024527934,Core_ZN,3850.0375368,0.6416729228,284.7231320300667,,,24.99990024527934,24.999899422469397,24.999918502815525,24.999877196500577,24.99986142909093
sensor,1986-07-16 18:20,253,31.333333333333336,24.99990982870643,Core_ZN,3850.0375368,0.6416729228,285.36480495286673,,,24.99990982870643,24.999915901233788,24.999928548640966,24.999894537536427,24.999889045326874
sensor,1986-07-16 18:30,254,31.15,24.99992001520003,Core_ZN,3850.0375368,0.6416729228,286.00647787566675,,,24.99992001520003,24.999927442876185,24.999935077879268,24.999908259641867,24.999909487019487
sensor,1986-07-16 18:40,255,30.96666666666667,24.999910201489442,Core_ZN,3850.0375368,0.6416729228,286.64815079846676,,,24.999910201489442,24.999931517876192,24.999934178753463,24.999905244576446,24.999945759521076
sensor,1986-07-16 18:50,256,30.783333333333335,24.999910901712703,Core_ZN,3850.0375368,0.6416729228,287.28982372126677,,,24.999910901712703,24.999923762642947,24.99992505962864,24.999905930280285,24.99991019090037
sensor,1986-07-16 18:60,257,30.6,24.99991541687021,Core_ZN,3850.0375368,0.6416729228,287.9314966440668,,,24.99991541687021,24.99992969557541,24.999926771080872,24.99991733311431,24.999922649319597
sensor,1986-07-16 19:10,258,30.500000000000004,24.9999192487072,Core_ZN,3850.0375368,0.6416729228,288.5731695668668,,,24.9999192487072,24.999934632825134,24.999928767994113,24.999927892442912,24.999934722876883
sensor,1986-07-16 19:20,259,30.400000000000002,24.99993997898648,Core_ZN,3300.0321744000003,0.5500053624,289.1231749292668,,,24.99993997898648,24.999959280032847,24.999943445969855,24.99995836666568,24.999961401431378
sensor,1986-07-16 19:30,260,30.3,24.99994466169474,Core_ZN,3300.0321744000003,0.5500053624,289.67318029166677,,,24.99994466169474,24.99996682540553,24.99994766405771,24.999972156414866,24.999972887526646
sensor,1986-07-16 19:40,261,30.200000000000003,24.999948040816186,Core_ZN,5603.0321744,0.9338386957333333,290.6070189874001,,,24.999948040816186,24.9999728924901,24.999951060525575,24.999987795795533,24.999985636340647
sensor,1986-07-16 19:50,262,30.099999999999998,24.999950823704687,Core_ZN,5603.0321744,0.9338386957333333,291.5408576831335,,,24.999950823704687,24.99997479916764,24.999952537034986,24.99999001918533,24.999983679948045
sensor,1986-07-16 19:60,263,30.0,24.999952673699028,Core_ZN,5603.0321744,0.9338386957333333,292.47469637886684,,,24.999952673699028,24.999975064817246,24.999953198019043,24.999989214088373,24.99997933159081
sensor,1986-07-16 20:10,264,29.816666666666666,24.999960313769154,Core_ZN,5603.0321744,0.9338386957333333,293.4085350746002,,,24.999960313769154,25.000005658711203,24.999975962446563,25.000027255079708,25.000047942189244
sensor,1986-07-16 20:20,265,29.633333333333336,24.999922693453577,Core_ZN,5603.0321744,0.9338386957333333,294.34237377033355,,,24.999922693453577,24.99994328034203,24.999929826381663,24.99996149324876,24.999953163121887
sensor,1986-07-16 20:30,266,29.45,24.99992033416852,Core_ZN,5603.0321744,0.9338386957333333,295.2762124660669,,,24.99992033416852,24.999925072387065,24.99991809242021,24.999942647359,24.999929000472104
sensor,1986-07-16 20:40,267,29.266666666666666,24.99991662860673,Core_ZN,5603.0321744,0.9338386957333333,296.21005116180027,,,24.99991662860673,24.99991469254907,24.99991354961446,24.999931914532716,24.9999187152005
sensor,1986-07-16 20:50,268,29.083333333333332,24.999913458629994,Core_ZN,5603.0321744,0.9338386957333333,297.1438898575336,,,24.999913458629994,24.999907389386678,24.99991118662882,24.999924150485025,24.99991281073261
sensor,1986-07-16 20:60,269,28.9,24.999911186104494,Core_ZN,5603.0321744,0.9338386957333333,298.077728553267,,,24.999911186104494,24.999902169583585,24.999909928446385,24.999918351863407,24.99990869189198
sensor,1986-07-16 21:10,270,28.716666666666665,24.999909644137393,Core_ZN,5603.0321744,0.9338386957333333,299.01156724900034,,,24.999909644137393,24.99989852905792,24.999909411285692,24.999914056796353,24.99990576506167
sensor,1986-07-16 21:20,271,28.533333333333335,25.472519596608663,Core_ZN,5053.026812,0.8421711353333332,299.85373838433367,,,25.472519596608663,25.330151841173247,25.41160513271419,25.481084659423708,25.442408056843092
sensor,1986-07-16 21:30,272,28.35,25.01827523401565,Core_ZN,5053.026812,0.8421711353333332,300.695909519667,,,25.01827523401565,25.04037372773228,25.079808965003775,25.058957985159665,25.083635941753478
sensor,1986-07-16 21:40,273,28.166666666666664,25.00017214989728,Core_ZN,5053.026812,0.8421711353333332,301.53808065500033,,,25.00017214989728,25.001187730738927,25.00837227474801,25.002460197860096,25.008326884025436
sensor,1986-07-16 21:50,274,27.983333333333334,25.434354465182526,Core_ZN,5053.026812,0.8421711353333332,302.38025179033366,,,25.434354465182526,25.644095697194615,25.780716161335043,25.61144772137771,25.846419945154377
sensor,1986-07-16 21:60,275,27.8,25.008558338409323,Core_ZN,5053.026812,0.8421711353333332,303.222422925667,,,25.008558338409323,25.014494251996414,25.03178284760313,25.01429498663269,25.03366686381651
sensor,1986-07-16 22:10,276,27.700000000000003,24.99945742874945,Core_ZN,5053.026812,0.8421711353333332,304.0645940610003,,,24.99945742874945,24.999391955640053,25.000096018729497,24.999451558359922,25.000024469764064
sensor,1986-07-16 22:20,277,27.6,24.999348393964173,Core_ZN,4778.0241308,0.7963373551333334,304.86093141613367,,,24.999348393964173,24.99916089463305,24.999601641244247,24.999253208671902,24.99947561467063
sensor,1986-07-16 22:30,278,27.5,25.41596112849563,Core_ZN,4778.0241308,0.7963373551333334,305.657268771267,,,25.41596112849563,25.63173587320239,25.76846296294486,25.599589772161988,25.839459784354016
sensor,1986-07-16 22:40,279,27.4,25.00875149542313,Core_ZN,4778.0241308,0.7963373551333334,306.45360612640036,,,25.00875149542313,25.01506422749777,25.0327005285918,25.014831837680955,25.034959101609754
sensor,1986-07-16 22:50,280,27.3,24.999529358947047,Core_ZN,4778.0241308,0.7963373551333334,307.2499434815337,,,24.999529358947047,24.9994768076648,25.000167780675802,24.99952940285226,25.000084699851847
sensor,1986-07-16 22:60,281,27.2,24.99943202491108,Core_ZN,4778.0241308,0.7963373551333334,308.04628083666705,,,24.99943202491108,24.999255479890326,24.99966747133208,24.99933639653824,24.999540717678368
sensor,1986-07-16 23:10,282,27.016666666666666,25.39398712553003,Core_ZN,4778.0241308,0.7963373551333334,308.8426181918004,,,25.39398712553003,25.60321192944234,25.73715258695512,25.574340887430935,25.809982791946158
sensor,1986-07-16 23:20,283,26.833333333333336,25.008288578028143,Core_ZN,4778.0241308,0.7963373551333334,309.63895554693374,,,25.008288578028143,25.014370116414508,25.031318032402417,25.014196258566816,25.033697246705472
sensor,1986-07-16 23:30,284,26.65,24.99960593909785,Core_ZN,4778.0241308,0.7963373551333334,310.4352929020671,,,24.99960593909785,24.999557387611606,25.000203507066153,24.999601438953515,25.0001258212409
sensor,1986-07-16 23:40,285,26.46666666666667,24.999519016532908,Core_ZN,4778.0241308,0.7963373551333334,311.23163025720044,,,24.999519016532908,24.999355235186968,24.99972291177641,24.999423493223826,24.999603630021895
sensor,1986-07-16 23:50,286,26.283333333333335,25.35362931686884,Core_ZN,4778.0241308,0.7963373551333334,312.0279676123338,,,25.35362931686884,25.55555239628773,25.685719308521847,25.53041057523808,25.759226298685462
sensor,1986-07-16 23:60,287,26.1,25.007432462438977,Core_ZN,4778.0241308,0.7963373551333334,312.8243049674671,,,25.007432462438977,25.01320501650353,25.02903419128355,25.01303944173256,25.031557602575827
sensor,1986-07-17 00:10,288,26.01666666666667,24.99966177480223,Core_ZN,4778.0241308,0.7963373551333334,313.6206423226005,,,24.99966177480223,24.999599435011277,25.00020544274249,24.999671167869426,25.000106695685545
sensor,1986-07-17 00:20,289,25.933333333333337,24.99956612856518,Core_ZN,4778.0241308,0.7963373551333334,314.4169796777338,,,24.99956612856518,24.999406830219943,24.99974008652848,24.99947317746508,24.999617515078754
sensor,1986-07-17 00:30,290,25.85,25.328597032151578,Core_ZN,4778.0241308,0.7963373551333334,315.21331703286717,,,25.328597032151578,25.521621239007818,25.648860755772777,25.500202446640504,25.72145532073202
sensor,1986-07-17 00:40,291,25.766666666666666,25.46564903541732,Core_ZN,4778.0241308,0.7963373551333334,316.0096543880005,,,25.46564903541732,25.01237711779526,25.027400175314273,25.012286249744747,25.029912469254906
sensor,1986-07-17 00:50,292,25.683333333333337,25.01433625922745,Core_ZN,4778.0241308,0.7963373551333334,316.80599174313386,,,25.01433625922745,24.999628444522195,25.000190697413363,24.999684593600502,25.000103655696993
sensor,1986-07-17 00:60,293,25.6,25.002826107192067,Core_ZN,4778.0241308,0.7963373551333334,317.6023290982672,,,25.002826107192067,24.9994485723279,24.999751486104355,24.999505087919253,24.999635792555434
sensor,1986-07-17 01:10,294,25.5,25.312117093124165,Core_ZN,4778.0241308,0.7963373551333334,318.39866645340055,,,25.312117093124165,25.49078127815399,25.61407277193183,25.4725482444157,25.68626816775979
sensor,1986-07-17 01:20,295,25.400000000000002,25.443607564351076,Core_ZN,4778.0241308,0.7963373551333334,319.1950038085339,,,25.443607564351076,25.0116430775535,25.025929034615338,25.011610696497865,25.028428833647858
sensor,1986-07-17 01:30,296,25.3,25.01375281283893,Core_ZN,4778.0241308,0.7963373551333334,319.99134116366724,,,25.01375281283893,24.99965798504932,25.000181971454303,24.999704179513,25.00010480330296
sensor,1986-07-17 01:40,297,25.2,25.002733685043967,Core_ZN,4778.0241308,0.7963373551333334,320.7876785188006,,,25.002733685043967,24.99949238934786,24.999769630514088,24.999540811943294,24.999661642065725
sensor,1986-07-17 01:50,298,25.1,25.290771982253965,Core_ZN,4778.0241308,0.7963373551333334,321.58401587393394,,,25.290771982253965,25.45809955725465,25.577268972973606,25.44299168669253,25.6473904301909
sensor,1986-07-17 01:60,299,25.0,25.65603722190692,Core_ZN,4778.0241308,0.7963373551333334,322.3803532290673,,,25.65603722190692,25.025353479441854,25.055717276952162,25.025376127773292,25.061320861622704
sensor,1986-07-17 02:10,300,24.900000000000002,25.0182419673236,Core_ZN,4778.0241308,0.7963373551333334,323.1766905842006,,,25.0182419673236,25.001160935218046,25.004571024276977,25.001226549776646,25.004874904280992
sensor,1986-07-17 02:20,301,24.8,24.999737369983823,Core_ZN,4778.0241308,0.7963373551333334,323.973027939334,,,24.999737369983823,24.999523671255968,24.999700688519855,24.99956022887174,24.999599471603382
sensor,1986-07-17 02:30,302,24.7,25.288704932090646,Core_ZN,4778.0241308,0.7963373551333334,324.7693652944673,,,25.288704932090646,25.44835095848126,25.569123723181004,25.43566309820604,25.64028390547949
sensor,1986-07-17 02:40,303,24.6,25.625746878818514,Core_ZN,4778.0241308,0.7963373551333334,325.56570264960067,,,25.625746878818514,25.02667030909341,25.058303440186062,25.02684645592454,25.064276059210194
sensor,1986-07-17 02:50,304,24.5,25.03916630671436,Core_ZN,4778.0241308,0.7963373551333334,326.362040004734,,,25.03916630671436,25.002796845283576,25.00991289980496,25.002938184177065,25.010625907449374
sensor,1986-07-17 02:60,305,24.4,25.00158873969357,Core_ZN,4778.0241308,0.7963373551333334,327.15837735986736,,,25.00158873969357,24.999735557013587,25.00081580259261,24.999783011871493,25.000759911236393
sensor,1986-07-17 03:10,306,24.316666666666666,25.26917928568743,Core_ZN,4778.0241308,0.7963373551333334,327.9547147150007,,,25.26917928568743,25.412774386062154,25.530129719555717,25.40321979300295,25.59866875228198
sensor,1986-07-17 03:20,307,24.233333333333334,25.50658443160922,Core_ZN,4778.0241308,0.7963373551333334,328.75105207013405,,,25.50658443160922,25.024535203837964,25.05428259537816,25.024829618188413,25.06007162460982
sensor,1986-07-17 03:30,308,24.15,25.0356773061025,Core_ZN,4778.0241308,0.7963373551333334,329.5473894252674,,,25.0356773061025,25.002597184293734,25.00926502199699,25.00274056519812,25.009969030032323
sensor,1986-07-17 03:40,309,24.066666666666666,25.001514361142085,Core_ZN,4778.0241308,0.7963373551333334,330.34372678040074,,,25.001514361142085,24.999783677411145,25.000789616320052,24.99982486588973,25.00074367795681
sensor,1986-07-17 03:50,310,23.983333333333334,24.999927842585784,Core_ZN,4778.0241308,0.7963373551333334,331.1400641355341,,,24.999927842585784,25.379887680112553,25.493052799833144,25.37270990893268,25.55907773004333
sensor,1986-07-17 03:60,311,23.9,25.26223083736923,Core_ZN,4778.0241308,0.7963373551333334,331.93640149066744,,,25.26223083736923,25.022550256217905,25.050418824197717,25.022921101788334,25.056029410954473
sensor,1986-07-17 04:10,312,23.8,25.485691186258123,Core_ZN,4778.0241308,0.7963373551333334,332.7327388458008,,,25.485691186258123,25.00096275654236,25.00569157382598,25.001080850942657,25.00602170616962
sensor,1986-07-17 04:20,313,23.7,25.567011899188355,Core_ZN,5053.026812,0.8421711353333332,333.5749099811341,,,25.567011899188355,24.99998156812555,25.001735495336078,25.00003496781647,25.001744787942393
sensor,1986-07-17 04:30,314,23.6,25.0190811782493,Core_ZN,5053.026812,0.8421711353333332,334.41708111646744,,,25.0190811782493,25.35573888394887,25.465142961303492,25.350980209982637,25.52867378801536
sensor,1986-07-17 04:40,315,23.5,25.002192171742664,Core_ZN,5053.026812,0.8421711353333332,335.2592522518008,,,25.002192171742664,25.7071430116402,25.047505518186384,25.70510640941918,25.05291754523472
sensor,1986-07-17 04:50,316,23.4,25.000011060696284,Core_ZN,2750.0268120000005,0.45833780200000007,335.7175900538008,,,25.000011060696284,25.021696131926298,25.003959982538618,25.022343406168577,25.00428763613575
sensor,1986-07-17 04:60,317,23.3,25.243227844747395,Core_ZN,2750.0268120000005,0.45833780200000007,336.1759278558008,,,25.243227844747395,25.002520329492917,25.00058381143307,25.002693395820117,25.000603950872744
sensor,1986-07-17 05:10,318,23.583333333333336,25.406555748638624,Core_ZN,2750.0268120000005,0.45833780200000007,336.6342656578008,,,25.406555748638624,25.356222446912813,25.514685254502464,25.379556643414062,25.509373172350642
sensor,1986-07-17 05:20,319,23.866666666666667,25.012558354079033,Core_ZN,2750.0268120000005,0.45833780200000007,337.09260345980084,,,25.012558354079033,25.0091347011017,25.023237064589694,25.010090235011248,25.02251438794825
sensor,1986-07-17 05:30,320,24.15,24.999833733497958,Core_ZN,2750.0268120000005,0.45833780200000007,337.55094126180086,,,24.999833733497958,24.999800471797315,25.00028615635901,24.999803528058898,25.00023836535558
sensor,1986-07-17 05:40,321,24.43333333333333,24.99986016251433,Core_ZN,2750.0268120000005,0.45833780200000007,338.0092790638009,,,24.99986016251433,24.999793917578998,25.0000384404565,24.999788435729595,25.00002627809068
sensor,1986-07-17 05:50,322,24.71666666666667,24.999820039824396,Core_ZN,2750.0268120000005,0.45833780200000007,338.4676168658009,,,24.999820039824396,24.999758286288305,24.999760953272194,24.999738379086963,24.99980868410879
sensor,1986-07-17 05:60,323,25.0,24.999858726174427,Core_ZN,2750.0268120000005,0.45833780200000007,338.9259546678009,,,24.999858726174427,24.99980877531907,24.999798653659358,24.99979243950895,24.999847887449747
sensor,1986-07-17 06:10,324,25.366666666666667,24.99986369767666,Core_ZN,2750.0268120000005,0.45833780200000007,339.3842924698009,,,24.99986369767666,24.99981252119479,24.999788289931217,24.999795557750353,24.99985308758827
sensor,1986-07-17 06:20,325,25.733333333333334,25.00004880639236,Core_ZN,3850.0375368,0.6416729228,340.02596539260094,,,25.00004880639236,25.00019828024397,25.00014388236512,25.000197793509763,25.000147294175854
sensor,1986-07-17 06:30,326,26.1,25.000008004188775,Core_ZN,3850.0375368,0.6416729228,340.66763831540095,,,25.000008004188775,25.00010655914234,25.000023549993752,25.000102972043695,25.000053612676716
sensor,1986-07-17 06:40,327,26.46666666666667,24.999990671669963,Core_ZN,3850.0375368,0.6416729228,341.30931123820096,,,24.999990671669963,25.00006953913185,24.99997403004707,25.0000670967873,25.000027232211394
sensor,1986-07-17 06:50,328,26.833333333333336,24.99997637391009,Core_ZN,3850.0375368,0.6416729228,341.950984161001,,,24.99997637391009,25.000037303461305,24.99993222160435,25.000038546647,25.000008063775876
sensor,1986-07-17 06:60,329,27.2,24.999984948609097,Core_ZN,3850.0375368,0.6416729228,342.592657083801,,,24.999984948609097,25.00003691956273,24.999942694115955,25.00004431851164,25.00003710001322
sensor,1986-07-17 07:10,330,27.566666666666666,24.999966209487436,Core_ZN,3850.0375368,0.6416729228,343.234330006601,,,24.999966209487436,24.999989664271748,24.99988917238823,24.99999992102305,24.99999028964548
sensor,1986-07-17 07:20,331,27.933333333333337,24.99955086230687,Core_ZN,9900.0965232,1.6500160872,344.884346093801,,,24.99955086230687,24.99958855301458,24.999552049777563,24.999637021392033,24.99976631251096
sensor,1986-07-17 07:30,332,28.299999999999997,24.999499886103862,Core_ZN,9900.0965232,1.6500160872,346.53436218100103,,,24.999499886103862,24.999523265302486,24.999463044763452,24.99957871664742,24.99972373949537
sensor,1986-07-17 07:40,333,28.666666666666664,24.999482952053484,Core_ZN,9900.0965232,1.6500160872,348.18437826820104,,,24.999482952053484,24.999489856843777,24.999421940642883,24.999548235558777,24.999699869962313
sensor,1986-07-17 07:50,334,29.03333333333333,24.999472451989078,Core_ZN,9900.0965232,1.6500160872,349.83439435540106,,,24.999472451989078,24.99946949409976,24.999400262940107,24.999526668096692,24.999681009015923
sensor,1986-07-17 07:60,335,29.4,24.999465824163742,Core_ZN,9900.0965232,1.6500160872,351.4844104426011,,,24.999465824163742,24.9994537515626,24.999386337535785,24.99951265742979,24.99966604496859
sensor,1986-07-17 08:10,336,29.683333333333334,24.999461586862385,Core_ZN,9900.0965232,1.6500160872,353.1344265298011,,,24.999461586862385,24.99944214111417,24.999377512768685,24.99950103519501,24.99965393521775
sensor,1986-07-17 08:20,337,29.96666666666667,24.999442369933668,Core_ZN,9900.0965232,1.6500160872,354.7844426170011,,,24.999442369933668,24.999413387070284,24.99935470609404,24.999472662839608,24.999631492964344
sensor,1986-07-17 08:30,338,30.25,24.999425487126153,Core_ZN,9900.0965232,1.6500160872,356.4344587042011,,,24.999425487126153,24.9993926266488,24.999342149508983,24.999451707886376,24.999614952150242
sensor,1986-07-17 08:40,339,30.533333333333335,24.999413782576,Core_ZN,9900.0965232,1.6500160872,358.08447479140114,,,24.999413782576,24.999376960394525,24.999336009024354,24.999435689346658,24.999602061022596
sensor,1986-07-17 08:50,340,30.816666666666666,24.999405155863748,Core_ZN,9900.0965232,1.6500160872,359.73449087860115,,,24.999405155863748,24.999366407166423,24.999340246677406,24.999424463461434,24.999592617555077
sensor,1986-07-17 08:60,341,31.1,24.99939865371711,Core_ZN,9900.0965232,1.6500160872,361.38450696580117,,,24.99939865371711,24.99935666389449,24.999349553678144,24.999416010222486,24.99958524388726
sensor,1986-07-17 09:10,342,31.200000000000003,24.999193138686163,Core_ZN,9900.0965232,1.6500160872,363.0345230530012,,,24.999193138686163,24.999132449828487,24.999180860686597,24.99921462685758,24.999433424217965
sensor,1986-07-17 09:20,343,31.300000000000004,24.99924399654656,Core_ZN,9900.0965232,1.6500160872,364.6845391402012,,,24.99924399654656,24.999196714483485,24.99925548309004,24.99927603553892,24.99948561111568
sensor,1986-07-17 09:30,344,31.4,24.999257809462975,Core_ZN,9900.0965232,1.6500160872,366.3345552274012,,,24.999257809462975,24.999210023400128,24.99929145099042,24.99929211693246,24.999495798453403
sensor,1986-07-17 09:40,345,31.5,24.999411280941732,Core_ZN,9900.0965232,1.6500160872,367.9845713146012,,,24.999411280941732,24.999349713458777,24.99945487501987,24.99942545136888,24.999578126755292
sensor,1986-07-17 09:50,346,31.6,24.999260524239325,Core_ZN,9900.0965232,1.6500160872,369.63458740180124,,,24.999260524239325,24.999178229082453,24.999373116169075,24.9992897822587,24.99948206743933
sensor,1986-07-17 09:60,347,31.7,24.99927894282439,Core_ZN,9900.0965232,1.6500160872,371.28460348900126,,,24.99927894282439,24.999196967900055,24.999382933991825,24.999315085059845,24.99950345558863
sensor,1986-07-17 10:10,348,31.783333333333335,24.999283373413586,Core_ZN,9900.0965232,1.6500160872,372.93461957620127,,,24.999283373413586,24.999188682515612,24.999408006261813,24.999320413322888,24.99950614836179
sensor,1986-07-17 10:20,349,31.86666666666667,24.99928899197511,Core_ZN,9900.0965232,1.6500160872,374.5846356634013,,,24.99928899197511,24.999181349424767,24.999434952801472,24.999325994836056,24.999508257666143
sensor,1986-07-17 10:30,350,31.950000000000003,24.999281322976813,Core_ZN,9900.0965232,1.6500160872,376.2346517506013,,,24.999281322976813,24.999172821905805,24.999459436988495,24.99932931859349,24.99950889017008
sensor,1986-07-17 10:40,351,32.03333333333334,24.999278605193652,Core_ZN,9900.0965232,1.6500160872,377.8846678378013,,,24.999278605193652,24.9991638408085,24.99948172820421,24.99933098720955,24.99950860662052
sensor,1986-07-17 10:50,352,32.11666666666667,24.99927678003715,Core_ZN,9900.0965232,1.6500160872,379.53468392500133,,,24.99927678003715,24.99915444695957,24.999501509147258,24.999329602216502,24.999506511779188
sensor,1986-07-17 10:60,353,32.2,24.999274815068762,Core_ZN,9900.0965232,1.6500160872,381.18470001220135,,,24.999274815068762,24.999145623515457,24.99951798861934,24.999327139353124,24.9995038114454
sensor,1986-07-17 11:10,354,32.38333333333333,24.99900579442653,Core_ZN,9900.0965232,1.6500160872,382.83471609940136,,,24.99900579442653,24.998825596608114,24.99944356417433,24.999093286164385,24.999340601149335
sensor,1986-07-17 11:20,355,32.56666666666667,24.999277656337192,Core_ZN,9350.091160799999,1.5583485267999997,384.39306462620135,,,24.999277656337192,24.999148126495264,24.99954149522975,24.99935266393138,24.999516699709623
sensor,1986-07-17 11:30,356,32.75,24.999285329458345,Core_ZN,9350.091160799999,1.5583485267999997,385.95141315300134,,,24.999285329458345,24.999195627141102,24.99955750211689,24.999388198484304,24.99954536187375
sensor,1986-07-17 11:40,357,32.93333333333333,24.999282292570562,Core_ZN,9350.091160799999,1.5583485267999997,387.50976167980133,,,24.999282292570562,24.999210321324863,24.9995591169539,24.999397059899884,24.99955110818886
sensor,1986-07-17 11:50,358,33.11666666666667,24.999278961058383,Core_ZN,9350.091160799999,1.5583485267999997,389.0681102066013,,,24.999278961058383,24.999213741173,24.999558607210293,24.99940216163715,24.999553409610932
sensor,1986-07-17 11:60,359,33.3,24.9992751950518,Core_ZN,9350.091160799999,1.5583485267999997,390.6264587334013,,,24.9992751950518,24.999214034839923,24.999556888949847,24.999404674039436,24.999554115626786
sensor,1986-07-17 12:10,360,33.3,24.999271317058167,Core_ZN,9350.091160799999,1.5583485267999997,392.1848072602013,,,24.999271317058167,24.999213412715747,24.999554446566428,24.999405328779588,24.99955383699009
sensor,1986-07-17 12:20,361,33.3,24.99896066885539,Core_ZN,9900.0965232,1.6500160872,393.8348233474013,,,24.99896066885539,24.99888265090401,24.999353268484864,24.999122904090186,24.999356940390584
sensor,1986-07-17 12:30,362,33.3,24.99891735392078,Core_ZN,9900.0965232,1.6500160872,395.4848394346013,,,24.99891735392078,24.99880862499691,24.999304222021628,24.99906487736493,24.999314232084288
sensor,1986-07-17 12:40,363,33.3,24.99889923869846,Core_ZN,9900.0965232,1.6500160872,397.13485552180134,,,24.99889923869846,24.99877570745658,24.999284569093586,24.999038592256525,24.999298403709492
sensor,1986-07-17 12:50,364,33.3,24.998886847044346,Core_ZN,9900.0965232,1.6500160872,398.78487160900136,,,24.998886847044346,24.998771442590016,24.99927396240387,24.99902353199044,24.99929048880635
sensor,1986-07-17 12:60,365,33.3,24.998878072442984,Core_ZN,9900.0965232,1.6500160872,400.4348876962014,,,24.998878072442984,24.998776427072414,24.99926758289131,24.999013989848095,24.99928600732102
sensor,1986-07-17 13:10,366,33.3,24.99832084431504,Core_ZN,9900.0965232,1.6500160872,402.0849037834014,,,24.99832084431504,24.998312547320392,24.999031395104385,24.998619019423757,24.99904674152559
sensor,1986-07-17 13:20,367,33.3,24.998211213174475,Core_ZN,9900.0965232,1.6500160872,403.7349198706014,,,24.998211213174475,24.99824201766443,24.99896811511566,24.99854298266219,24.998984096637525
sensor,1986-07-17 13:30,368,33.3,24.998185574272238,Core_ZN,9900.0965232,1.6500160872,405.3849359578014,,,24.998185574272238,24.99823790021775,24.998947149660463,24.998520547868416,24.998941111809817
sensor,1986-07-17 13:40,369,33.3,24.998251295545657,Core_ZN,9900.0965232,1.6500160872,407.03495204500143,,,24.998251295545657,24.998249596897097,24.99894027372554,24.998511875279082,24.998899616377297
sensor,1986-07-17 13:50,370,33.3,24.998275060247497,Core_ZN,9900.0965232,1.6500160872,408.68496813220145,,,24.998275060247497,24.998263875625916,24.99893827166617,24.998507062948864,24.998857413958312
sensor,1986-07-17 13:60,371,33.3,24.99828735892049,Core_ZN,9900.0965232,1.6500160872,410.33498421940146,,,24.99828735892049,24.99827567801299,24.99893792001411,24.998503089011567,24.998812462114394
sensor,1986-07-17 14:10,372,33.4,24.998295243950597,Core_ZN,9900.0965232,1.6500160872,411.9850003066015,,,24.998295243950597,24.9982877187317,24.99893834742576,24.998499677909653,24.99876574014322
sensor,1986-07-17 14:20,373,33.5,24.998279261653934,Core_ZN,9900.0965232,1.6500160872,413.6350163938015,,,24.998279261653934,24.998284200557073,24.998922895208874,24.998479140820137,24.998702741273036
sensor,1986-07-17 14:30,374,33.599999999999994,24.99831385382736,Core_ZN,9900.0965232,1.6500160872,415.2850324810015,,,24.99831385382736,24.9983391894007,24.998928903820065,24.99851127166072,24.99866504300055
sensor,1986-07-17 14:40,375,33.699999999999996,24.998986667490435,Core_ZN,9900.0965232,1.6500160872,416.9350485682015,,,24.998986667490435,24.998968833841953,24.999282533810756,24.999044884834873,24.998898091072938
sensor,1986-07-17 14:50,376,33.8,24.999037669676376,Core_ZN,9900.0965232,1.6500160872,418.58506465540154,,,24.999037669676376,24.99898851845984,24.999305755934664,24.999081600699,24.998980532774073
sensor,1986-07-17 14:60,377,33.9,24.999049186960214,Core_ZN,9900.0965232,1.6500160872,420.23508074260155,,,24.999049186960214,24.99899964415534,24.999313134645632,24.999093524138363,24.99897784608168
sensor,1986-07-17 15:10,378,33.8,24.999052188196124,Core_ZN,9900.0965232,1.6500160872,421.88509682980157,,,24.999052188196124,24.999005236251424,24.999315686843808,24.99909960903564,24.998962122751593
sensor,1986-07-17 15:20,379,33.7,24.999289112417042,Core_ZN,9900.0965232,1.6500160872,423.5351129170016,,,24.999289112417042,24.999233862878544,24.99947701879426,24.99929937291409,24.999111684649876
sensor,1986-07-17 15:30,380,33.599999999999994,24.999244522742856,Core_ZN,9900.0965232,1.6500160872,425.1851290042016,,,24.999244522742856,24.999185863384888,24.999453310917445,24.999263768322386,24.99913410386832
sensor,1986-07-17 15:40,381,33.5,24.999216418480362,Core_ZN,9900.0965232,1.6500160872,426.8351450914016,,,24.999216418480362,24.99916101151343,24.99944287939539,24.999242588053054,24.999126526152892
sensor,1986-07-17 15:50,382,33.4,24.99919737958943,Core_ZN,9900.0965232,1.6500160872,428.48516117860163,,,24.99919737958943,24.999145358830965,24.999437762461532,24.999229147186675,24.999130530359544
sensor,1986-07-17 15:60,383,33.3,24.99918418731343,Core_ZN,9900.0965232,1.6500160872,430.13517726580164,,,24.99918418731343,24.999138209875717,24.999437027878926,24.99922299529656,24.999159344915437
sensor,1986-07-17 16:10,384,33.21666666666667,24.99917541600151,Core_ZN,9900.0965232,1.6500160872,431.78519335300166,,,24.99917541600151,24.999134584419938,24.999438080868295,24.999220072460922,24.999174037189533
sensor,1986-07-17 16:20,385,33.13333333333333,24.999669181925157,Core_ZN,5500.053624000001,0.9166756040000001,432.70186895700164,,,24.999669181925157,24.99963733460648,24.999740305508276,24.999683353425148,24.999575749984388
sensor,1986-07-17 16:30,386,33.05,24.9997301763228,Core_ZN,5500.053624000001,0.9166756040000001,433.6185445610016,,,24.9997301763228,24.999703676693496,24.999787515498717,24.999741988850623,24.99965077978009
sensor,1986-07-17 16:40,387,32.96666666666666,24.999753468286087,Core_ZN,5500.053624000001,0.9166756040000001,434.5352201650016,,,24.999753468286087,24.999730044901042,24.9998053994389,24.99976531047232,24.999682380344183
sensor,1986-07-17 16:50,388,32.88333333333333,24.99976745556199,Core_ZN,5500.053624000001,0.9166756040000001,435.45189576900157,,,24.99976745556199,24.9997486778042,24.999817441335342,24.999781399611873,24.999703448981176
sensor,1986-07-17 16:60,389,32.8,24.99977693645828,Core_ZN,5500.053624000001,0.9166756040000001,436.36857137300154,,,24.99977693645828,24.999762045159358,24.99982609156602,24.999792632321462,24.999719312248978
sensor,1986-07-17 17:10,390,32.516666666666666,24.999783408917818,Core_ZN,5500.053624000001,0.9166756040000001,437.2852469770015,,,24.999783408917818,24.999771948366018,24.99983254659993,24.99980042363789,24.99973321764008
sensor,1986-07-17 17:20,391,32.233333333333334,24.999875025757976,Core_ZN,3850.0375368,0.6416729228,437.92691989980153,,,24.999875025757976,24.99987644645448,24.999896840719664,24.999889775116763,24.999825954730262
sensor,1986-07-17 17:30,392,31.95,24.9998891941207,Core_ZN,3850.0375368,0.6416729228,438.56859282260154,,,24.9998891941207,24.999892214013357,24.999908232808977,24.999898474608656,24.999847064733153
sensor,1986-07-17 17:40,393,31.666666666666668,24.999894013424225,Core_ZN,3850.0375368,0.6416729228,439.21026574540156,,,24.999894013424225,24.999899020016926,24.999913063856948,24.99989958174853,24.99985800999169
sensor,1986-07-17 17:50,394,31.383333333333333,24.999896746572098,Core_ZN,3850.0375368,0.6416729228,439.85193866820157,,,24.999896746572098,24.999903183919916,24.999916159026064,24.999899837082328,24.999870355059553
sensor,1986-07-17 17:60,395,31.1,24.999898593080424,Core_ZN,3850.0375368,0.6416729228,440.4936115910016,,,24.999898593080424,24.999906307828798,24.999918484472985,24.999900243981354,24.99988206348637
sensor,1986-07-17 18:10,396,31.1,24.999900061208685,Core_ZN,3850.0375368,0.6416729228,441.1352845138016,,,24.999900061208685,24.99990958769351,24.99992067716613,24.99990613023428,24.999899878997383
sensor,1986-07-17 18:20,397,31.100000000000005,24.9999008490465,Core_ZN,3850.0375368,0.6416729228,441.7769574366016,,,24.9999008490465,24.999913013224678,24.999922953920215,24.999911189078706,24.999911972228283
sensor,1986-07-17 18:30,398,31.1,24.99990577369563,Core_ZN,3850.0375368,0.6416729228,442.4186303594016,,,24.99990577369563,24.999915538335394,24.999924673378793,24.999915888269204,24.999921573965302
sensor,1986-07-17 18:40,399,31.1,24.999908108586805,Core_ZN,3850.0375368,0.6416729228,443.06030328220163,,,24.999908108586805,24.999918055462523,24.999926365696926,24.999922558862743,24.99993450783268
sensor,1986-07-17 18:50,400,31.1,24.99990979789984,Core_ZN,3850.0375368,0.6416729228,443.70197620500164,,,24.99990979789984,24.99991807930394,24.999927225107594,24.99992453477688,24.9999355093161
sensor,1986-07-17 18:60,401,31.1,24.999911083836203,Core_ZN,3850.0375368,0.6416729228,444.34364912780165,,,24.999911083836203,24.999918747913245,24.999927870411533,24.99992462504579,24.99993405583698
sensor,1986-07-17 19:10,402,30.816666666666666,24.999883703590136,Core_ZN,3850.0375368,0.6416729228,444.98532205060167,,,24.999883703590136,24.99990913292693,24.999918960691076,24.999914746508793,24.999958099185783
sensor,1986-07-17 19:20,403,30.53333333333334,24.999900920303528,Core_ZN,3300.0321744000003,0.5500053624,445.53532741300165,,,24.999900920303528,24.99991441816791,24.999919449797545,24.999921428359542,24.999928512400977
sensor,1986-07-17 19:30,404,30.25,24.999938989110184,Core_ZN,5603.0321744,0.9338386957333333,446.469166108735,,,24.999938989110184,24.99996079535996,24.99995408154256,24.999967882317243,24.999983264860955
sensor,1986-07-17 19:40,405,29.96666666666667,24.99993810787374,Core_ZN,5603.0321744,0.9338386957333333,447.40300480446837,,,24.99993810787374,24.999952704337524,24.99994894755963,24.99996056223864,24.99996047514402
sensor,1986-07-17 19:50,406,29.683333333333334,24.999927155937897,Core_ZN,5603.0321744,0.9338386957333333,448.3368435002017,,,24.999927155937897,24.999957210814205,24.999948566663612,24.999966726071637,24.999982336341752
sensor,1986-07-17 19:60,407,29.4,24.99991726767567,Core_ZN,5603.0321744,0.9338386957333333,449.2706821959351,,,24.99991726767567,24.99993463106543,24.999932448033004,24.999944702645823,24.99994109634836
sensor,1986-07-17 20:10,408,29.4,24.99991776092192,Core_ZN,5603.0321744,0.9338386957333333,450.20452089166844,,,24.99991776092192,24.9999328267203,24.99993061579937,24.999942422378567,24.999932994514754
sensor,1986-07-17 20:20,409,29.4,24.999912170804272,Core_ZN,5603.0321744,0.9338386957333333,451.1383595874018,,,24.999912170804272,24.99992336020263,24.999927429058417,24.999933744856442,24.999926678967263
sensor,1986-07-17 20:30,410,29.4,24.999915764761596,Core_ZN,5603.0321744,0.9338386957333333,452.07219828313515,,,24.999915764761596,24.999915730184085,24.999925237342495,24.9999267177947,24.999922453189136
sensor,1986-07-17 20:40,411,29.4,24.99991436050243,Core_ZN,5603.0321744,0.9338386957333333,453.0060369788685,,,24.99991436050243,24.999909553765207,24.999923596102594,24.999920964335878,24.999919134712925
sensor,1986-07-17 20:50,412,29.4,24.999912542561763,Core_ZN,5603.0321744,0.9338386957333333,453.93987567460186,,,24.999912542561763,24.999904654686247,24.999922454257756,24.99991634310446,24.999916570262293
sensor,1986-07-17 20:60,413,29.4,24.99987373122153,Core_ZN,5603.0321744,0.9338386957333333,454.8737143703352,,,24.99987373122153,24.999866164559368,24.99989742129371,24.999883304653736,24.999889140324058
sensor,1986-07-17 21:10,414,28.95,24.999870135927782,Core_ZN,5603.0321744,0.9338386957333333,455.8075530660686,,,24.999870135927782,24.99985456998757,24.999892939637466,24.999873279035164,24.99987757678876
sensor,1986-07-17 21:20,415,28.5,25.48625918344987,Core_ZN,5053.026812,0.8421711353333332,456.6497242014019,,,25.48625918344987,25.348267982855962,25.420351730951573,25.329490002587956,25.44430845494791
sensor,1986-07-17 21:30,416,28.049999999999997,25.007622810800356,Core_ZN,5053.026812,0.8421711353333332,457.49189533673524,,,25.007622810800356,25.020764257653212,25.041136353166493,25.020428077942427,25.042398988561544
sensor,1986-07-17 21:40,417,27.599999999999998,25.000542233318292,Core_ZN,5053.026812,0.8421711353333332,458.33406647206857,,,25.000542233318292,25.002012027482102,25.007507068606692,25.002124697144026,25.007487874020875
sensor,1986-07-17 21:50,418,27.15,25.441382986875176,Core_ZN,5053.026812,0.8421711353333332,459.1762376074019,,,25.441382986875176,25.67826933856269,25.795084579187037,25.639747097510643,25.84831345630056
sensor,1986-07-17 21:60,419,26.7,25.00932557782381,Core_ZN,5053.026812,0.8421711353333332,460.01840874273523,,,25.00932557782381,25.016254591856658,25.033866941416647,25.015876646881814,25.03535969525347
sensor,1986-07-17 22:10,420,26.6,25.00079259477193,Core_ZN,5053.026812,0.8421711353333332,460.86057987806856,,,25.00079259477193,25.001483282913874,25.006121234432882,25.001564858583443,25.00620812794501
sensor,1986-07-17 22:20,421,26.5,24.999797044721586,Core_ZN,4778.0241308,0.7963373551333334,461.6569172332019,,,24.999797044721586,24.99974204421111,25.000746790245515,24.999804169781306,25.000676645323303
sensor,1986-07-17 22:30,422,26.4,25.391561780533443,Core_ZN,4778.0241308,0.7963373551333334,462.45325458833526,,,25.391561780533443,25.626057728492395,25.741400288223502,25.591650249523447,25.795970255453824
sensor,1986-07-17 22:40,423,26.299999999999997,25.008249760921576,Core_ZN,4778.0241308,0.7963373551333334,463.2495919434686,,,25.008249760921576,25.014969207637407,25.03147042159195,25.014640893723453,25.033101894105823
sensor,1986-07-17 22:50,424,26.200000000000003,24.999655467760444,Core_ZN,4778.0241308,0.7963373551333334,464.04592929860195,,,24.999655467760444,24.99956381713734,25.00023736144086,24.999637362992083,25.000140835295717
sensor,1986-07-17 22:60,425,26.1,24.99952585993646,Core_ZN,4778.0241308,0.7963373551333334,464.8422666537353,,,24.99952585993646,24.999342122343318,24.999724898750344,24.999420454435395,24.999615563407257
sensor,1986-07-17 23:10,426,26.1,25.367269096290666,Core_ZN,4778.0241308,0.7963373551333334,465.63860400886864,,,25.367269096290666,25.59454750811221,25.70806369878091,25.563975620926346,25.762686566840213
sensor,1986-07-17 23:20,427,26.1,25.00773223631191,Core_ZN,4778.0241308,0.7963373551333334,466.434941364002,,,25.00773223631191,25.01417261498195,25.02996348232476,25.01391201356809,25.031626604173677
sensor,1986-07-17 23:30,428,26.1,24.99968791425268,Core_ZN,4778.0241308,0.7963373551333334,467.23127871913533,,,24.99968791425268,24.999601290386977,25.00023093684187,24.99966725430922,25.000142612380905
sensor,1986-07-17 23:40,429,26.1,24.999570619381462,Core_ZN,4778.0241308,0.7963373551333334,468.0276160742687,,,24.999570619381462,24.999394672913052,24.999748418720593,24.999464854344506,24.999644868360377
sensor,1986-07-17 23:50,430,26.1,25.345872245655315,Core_ZN,4778.0241308,0.7963373551333334,468.823953429402,,,25.345872245655315,25.565270895219307,25.675883696132047,25.537293543686562,25.729935348389944
sensor,1986-07-17 23:60,431,26.1,25.007264663992263,Core_ZN,4778.0241308,0.7963373551333334,469.62029078453537,,,25.007264663992263,25.013437784202537,25.028566626420005,25.01322433719986,25.030231314073596
